"Rata-Rata Suhu Udara, Kelembaban, Tekanan Udara, Kecepatan Angin, Curah Hujan, dan Penyinaran Matahari Menurut Stasiun di Provinsi Jawa Tengah, 2020",,,,,,,,,,,,,,,,,
"Average Temperature, Humidity, Atmospheric Pressure, Wind Velocity, Precipitation, Duration of Sunshine by Monitoring Station in Jawa Tengah Province, 2020",,,,,,,,,,,,,,,,,
"Kabupaten/Kota
Regency/Municipality",,"Stasiun BMKG
BMKG Station","Suhu/Temperature
",,,Kelembaban/ Humidity (%),,,"Kecepatan Angin (km/jam)
Wind Velocity (km/hour)",,,"Tekanan Udara
Atmospheric Pressure (mb)",,,"Jumlah Curah Hujan
Number of Precipitation (mm)",Jumlah Hari Hujan (hari) Number of Rainy Days (day),"Penyinaran Matahari
Duration of Sunshine (%)"
,,,Minimum Minimum,"Rata-rata 
Average",Maksimum Maximum,Minimum Minimum,"Rata-rata 
Average",Maksimum Maximum,Minimum Minimum,"Rata-rata 
Average",Maksimum Maximum,Minimum Minimum,"Rata-rata 
Average",Maksimum Maximum,,,
Kabupaten/Regency,,,,,,,,,,,,,,,,,
1.,Cilacap, Stasiun Meteorologi Cilacap ,    23.30 ,    27.30 ,    32.00 ,    59.00 ,    84.00 ,    96.00 , - ,    6.00 ,    42.00 ,   1 007.10 ,   1 010.70 ,   1 013.50 ,   4 458.00 ,    210.00 ,    69.00 
2.,Banyumas, - ,,,,,,,,,,,,,,,
3.,Purbalingga, - ,,,,,,,,,,,,,,,
4.,Banjarnegara, Stasiun Geofisika Banjarnegara ,    19.50 ,    24.20 ,    29.80 ,    61.40 ,    83.60 ,    95.70 , - , - , - ,,,,   3 010.00 ,    208.00 ,42.2
5.,Kebumen," SMPK Sempor, Kebumen ",    20.40 ,    26.80 ,    34.30 ,    63.00 ,    85.00 ,    98.00 , - , - , - ,   1 003.00 ,   1 004.80 ,   1 005.90 ,   4 479.00 ,    199.00 ,    50.90 
6.,Purworejo, - ,,,,,,,,,,,,,,,
7.,Wonosobo," SMPK Wadaslintang, Wonosobo ",    21.80 ,    26.80 ,    34.30 ,    56.00 ,    83.00 ,    97.00 , - , - , - , - , - , - ,   3 459.00 ,    188.00 ,    62.50 
8.,Magelang," Kaliangkrik, Magelang ",,,,,,,,,,,,,,,
,," SMPK Borobudur, Magelang ",    19.70 ,    26.40 ,    33.60 ,    51.00 ,    81.00 ,    97.00 , - , - , - ,, - , - ,   2 044.00 ,    145.00 , - 
9.,Boyolali," SMPK Adi Sumarmo, Boyolali ",    21.70 ,    27.30 ,    33.80 , - , - , - , - , - , - , - , - , - ,   1 777.00 ,    140.00 , - 
10.,Klaten, - ,,,,,,,,,,,,,,,
11.,Sukoharjo, - ,,,,,,,,,,,,,,,
12.,Wonogiri," SMPK Selogiri, Wonogiri ",,,,,,,,,,,,,,,
13.,Karanganyar, SMPK Puslitbang Fakultas Pertanian UNS ,,,,,,,,,,,,,,,
14.,Sragen," SMPK Waduk Botok, Sragen ", - ,    26.30 , - ,,,,,,,,,,   2 551.00 ,    151.00 ,
15.,Grobogan, - ,,,,,,,,,,,,,,,
16.,Blora, - ,,,,,,,,,,,,,,,
17.,Rembang, - ,,,,,,,,,,,,,,,
18.,Pati, SMPK Rendole Pati ,,,,,,,,,,,,,,,
,," SMPK Tayu, Pati ",,,,,,,,,,,,,,,
19.,Kudus," SMPK Colo, Kudus ", - ,    24.90 , - ,,,,,,,,,,   3 639.00 ,    142.00 ,
20.,Jepara, - ,,,,,,,,,,,,,,,
21.,Demak, - ,,,,,,,,,,,,,,,
22.,Semarang," SMPK Balit Getas, Semarang ",    20.20 ,    26.00 ,    32.70 ,    65.00 ,    26.00 ,    32.70 , - , - , - , - , - , - ,   2 836.00 ,    160.00 ,    62.50 
,," SMPK Ungaran, Semarang ",    19.40 ,    27.30 ,    32.60 ,    58.00 ,    79.00 ,    98.00 ,,,, - , - , - ,   3 297.00 ,    165.00 ,
23.,Temanggung, - ,,,,,,,,,,,,,,,
24.,Kendal, - ,,,,,,,,,,,,,,,
25.,Batang, - ,,,,,,,,,,,,,,,
26.,Pekalongan," SMPK Gamer, Pekalongan ",,,,,,,,,,,,,,,
27.,Pemalang, SMPK Lab. PHP Pemalang ,,,,,,,,,,,,,,,
28.,Tegal, Stasiun Meteorologi Tegal ,    23.60 ,    28.10 ,    33.90 ,    52.00 ,    78.00 ,    93.00 , - ,    8.00 ,    34.00 ,   1 009.20 ,   1 010.50 ,   1 011.20 ,"2 081,9",    125.00 ,    74.00 
29.,Brebes," SMPK Malahayu, Brebes ",,,,,,,,,,,,,,,
Kota/Municipality,,,,,,,,,,,,,,,,,
1.,Magelang, - ,,,,,,,,,,,,,,,
2.,Surakarta, - ,,,,,,,,,,,,,,,
3.,Salatiga, - ,,,,,,,,,,,,,,,
4.,Semarang, Stasiun Klimatologi Semarang ,    22.90 ,    28.30 ,    33.80 ,    60.00 ,    83.00 ,    97.00 , - ,    5.00 ,    30.00 ,   1 008.20 ,   1 010.00 ,   1 010.60 ,   2 512.90 ,    170.00 ,    69.70 
5.,Pekalongan, - ,,,,,,,,,,,,,,,
6.,Tegal, - ,,,,,,,,,,,,,,,
" Sumber/Source: Stasiun Klimatologi Klas I, Semarang/Class I Climatology Station of Semarang ",,,,,,,,,,,,,,,,,
36.,Brebes Sektor 1,Stasiun BMKG Brebes Sektor 1,,,,,,,-,,,-,,,,,
37.,Kendal Sektor 1,Stasiun BMKG Kendal Sektor 1,,,,,,,-,,,-,,,,,
38.,Blora Sektor 1,Stasiun BMKG Blora Sektor 1,,,,,,,-,,,-,,,,,
39.,Sragen Sektor 1,Stasiun BMKG Sragen Sektor 1,,25.31,,,,,-,,,-,,,2561.24,152.41,
40.,Brebes Sektor 2,Stasiun BMKG Brebes Sektor 2,,,,,,,-,,,-,,,,,
41.,Blora Sektor 2,Stasiun BMKG Blora Sektor 2,,,,,,,-,,,-,,,,,
42.,Magelang Sektor 1,Stasiun BMKG Magelang Sektor 1,,,,,,,-,,,-,,,,,
43.,Temanggung Sektor 1,Stasiun BMKG Temanggung Sektor 1,,,,,,,-,,,-,,,,,
44.,Pemalang Sektor 1,Stasiun BMKG Pemalang Sektor 1,,,,,,,-,,,-,,,,,
45.,Brebes Sektor 3,Stasiun BMKG Brebes Sektor 3,,,,,,,-,,,-,,,,,
46., Sektor 1,Stasiun BMKG  Sektor 1,20.95,28.30,30.29,51.11,79.66,91.61,-,,,-,,,1888.60,140.29,
47.,Grobogan Sektor 1,Stasiun BMKG Grobogan Sektor 1,,,,,,,-,,,-,,,,,
48.,Banyumas Sektor 1,Stasiun BMKG Banyumas Sektor 1,,,,,,,-,,,-,,,,,
49.,Rembang Sektor 1,Stasiun BMKG Rembang Sektor 1,,,,,,,-,,,-,,,,,
50.,Kudus Sektor 1,Stasiun BMKG Kudus Sektor 1,,25.11,,,,,-,,,-,,,3781.49,134.29,
51.,Blora Sektor 3,Stasiun BMKG Blora Sektor 3,,,,,,,-,,,-,,,,,
52.,Purbalingga Sektor 1,Stasiun BMKG Purbalingga Sektor 1,,,,,,,-,,,-,,,,,
53.,Pati Sektor 1,Stasiun BMKG Pati Sektor 1,,,,,,,-,,,-,,,,,
54.,Rembang Sektor 2,Stasiun BMKG Rembang Sektor 2,,,,,,,-,,,-,,,,,
55.,Salatiga Sektor 1,Stasiun BMKG Salatiga Sektor 1,,,,,,,-,,,-,,,,,
56.,Pekalongan Sektor 1,Stasiun BMKG Pekalongan Sektor 1,,,,,,,-,,,-,,,,,
57.,Batang Sektor 1,Stasiun BMKG Batang Sektor 1,,,,,,,-,,,-,,,,,
58.,Boyolali Sektor 1,Stasiun BMKG Boyolali Sektor 1,22.58,28.92,36.44,,,,-,,,-,,,1719.42,136.52,
59.,Banyumas Sektor 2,Stasiun BMKG Banyumas Sektor 2,,,,,,,-,,,-,,,,,
60.,Salatiga Sektor 2,Stasiun BMKG Salatiga Sektor 2,,,,,,,-,,,-,,,,,
61., Sektor 2,Stasiun BMKG  Sektor 2,20.44,24.07,36.39,50.41,76.78,89.12,-,,,-,,,1914.36,157.60,
62.,Cilacap Sektor 1,Stasiun BMKG Cilacap Sektor 1,21.16,29.24,33.30,58.70,77.24,95.84,-,5.97,39.25,-,997.33,992.93,4561.29,215.67,62.73
63.,Magelang Sektor 2,Stasiun BMKG Magelang Sektor 2,,,,,,,-,,,-,,,,,
64.,Kendal Sektor 2,Stasiun BMKG Kendal Sektor 2,,,,,,,-,,,-,,,,,
65.,Banyumas Sektor 3,Stasiun BMKG Banyumas Sektor 3,,,,,,,-,,,-,,,,,
66.,Sukoharjo Sektor 1,Stasiun BMKG Sukoharjo Sektor 1,,,,,,,-,,,-,,,,,
67.,Kendal Sektor 3,Stasiun BMKG Kendal Sektor 3,,,,,,,-,,,-,,,,,
68.,Kudus Sektor 2,Stasiun BMKG Kudus Sektor 2,,24.05,,,,,-,,,-,,,3764.56,149.17,
69.,Temanggung Sektor 2,Stasiun BMKG Temanggung Sektor 2,,,,,,,-,,,-,,,,,
70.,Rembang Sektor 3,Stasiun BMKG Rembang Sektor 3,,,,,,,-,,,-,,,,,
71.,Rembang Sektor 4,Stasiun BMKG Rembang Sektor 4,,,,,,,-,,,-,,,,,
72.,Karanganyar Sektor 1,Stasiun BMKG Karanganyar Sektor 1,,,,,,,-,,,-,,,,,
73.,Salatiga Sektor 3,Stasiun BMKG Salatiga Sektor 3,,,,,,,-,,,-,,,,,
74.,Pati Sektor 2,Stasiun BMKG Pati Sektor 2,,,,,,,-,,,-,,,,,
75.,Kendal Sektor 4,Stasiun BMKG Kendal Sektor 4,,,,,,,-,,,-,,,,,
76.,Salatiga Sektor 4,Stasiun BMKG Salatiga Sektor 4,,,,,,,-,,,-,,,,,
77.,Kebumen Sektor 1,Stasiun BMKG Kebumen Sektor 1,20.05,25.59,31.26,67.60,90.32,107.79,-,,,-,1104.60,1017.05,4719.96,216.70,54.46
78.,Rembang Sektor 5,Stasiun BMKG Rembang Sektor 5,,,,,,,-,,,-,,,,,
79.,Purbalingga Sektor 2,Stasiun BMKG Purbalingga Sektor 2,,,,,,,-,,,-,,,,,
80.,Semarang Sektor 1,Stasiun BMKG Semarang Sektor 1,21.40,25.79,34.94,68.50,23.74,29.73,-,,,-,,,2904.52,155.12,58.86
81.,Sukoharjo Sektor 2,Stasiun BMKG Sukoharjo Sektor 2,,,,,,,-,,,-,,,,,
82.,Kudus Sektor 3,Stasiun BMKG Kudus Sektor 3,,22.87,,,,,-,,,-,,,3625.28,147.33,
83., Sektor 3,Stasiun BMKG  Sektor 3,,,,,,,-,,,-,,,,,
84.,Tegal Sektor 1,Stasiun BMKG Tegal Sektor 1,23.11,25.88,35.51,48.70,79.00,99.34,-,7.34,34.24,-,956.58,979.43,"2 081,9",124.35,71.86
85.,Pati Sektor 3,Stasiun BMKG Pati Sektor 3,,,,,,,-,,,-,,,,,
86.,Purworejo Sektor 1,Stasiun BMKG Purworejo Sektor 1,,,,,,,-,,,-,,,,,
87.,Magelang Sektor 3,Stasiun BMKG Magelang Sektor 3,,,,,,,-,,,-,,,,,
88.,Banyumas Sektor 4,Stasiun BMKG Banyumas Sektor 4,,,,,,,-,,,-,,,,,
89.,Sukoharjo Sektor 3,Stasiun BMKG Sukoharjo Sektor 3,,,,,,,-,,,-,,,,,
90.,Boyolali Sektor 2,Stasiun BMKG Boyolali Sektor 2,20.32,24.93,35.43,,,,-,,,-,,,1803.47,149.57,
91.,Magelang Sektor 4,Stasiun BMKG Magelang Sektor 4,,,,,,,-,,,-,,,,,
92.,Sragen Sektor 2,Stasiun BMKG Sragen Sektor 2,,25.94,,,,,-,,,-,,,2465.70,157.96,
93.,Grobogan Sektor 2,Stasiun BMKG Grobogan Sektor 2,,,,,,,-,,,-,,,,,
94.,Kebumen Sektor 2,Stasiun BMKG Kebumen Sektor 2,21.30,27.56,35.63,63.54,80.78,94.98,-,,,-,940.81,1088.07,4553.70,195.05,50.51
95.,Wonogiri Sektor 1,Stasiun BMKG Wonogiri Sektor 1,,,,,,,-,,,-,,,,,
96.,Tegal Sektor 2,Stasiun BMKG Tegal Sektor 2,25.35,28.21,34.52,50.95,71.05,89.93,-,8.48,30.63,-,976.85,990.61,"2 081,9",125.93,80.21
97.,Banyumas Sektor 5,Stasiun BMKG Banyumas Sektor 5,,,,,,,-,,,-,,,,,
98.,Brebes Sektor 4,Stasiun BMKG Brebes Sektor 4,,,,,,,-,,,-,,,,,
99.,Wonosobo Sektor 1,Stasiun BMKG Wonosobo Sektor 1,23.00,26.55,34.47,55.34,81.35,98.16,-,,,-,,,3220.50,176.04,67.02
100.,Purbalingga Sektor 3,Stasiun BMKG Purbalingga Sektor 3,,,,,,,-,,,-,,,,,
101.,Magelang Sektor 5,Stasiun BMKG Magelang Sektor 5,,,,,,,-,,,-,,,,,
102.,Demak Sektor 1,Stasiun BMKG Demak Sektor 1,,,,,,,-,,,-,,,,,
103.,Cilacap Sektor 2,Stasiun BMKG Cilacap Sektor 2,25.39,28.74,29.70,63.35,83.79,103.58,-,6.36,41.37,-,914.17,966.61,4495.12,215.61,65.66
104.,Semarang Sektor 2,Stasiun BMKG Semarang Sektor 2,20.19,27.15,30.13,60.32,24.77,31.17,-,,,-,,,2967.70,152.02,64.16
105.,Wonosobo Sektor 2,Stasiun BMKG Wonosobo Sektor 2,23.27,26.46,37.15,58.48,84.83,105.72,-,,,-,,,3387.50,205.07,57.94
106.,Salatiga Sektor 5,Stasiun BMKG Salatiga Sektor 5,,,,,,,-,,,-,,,,,
107.,Cilacap Sektor 3,Stasiun BMKG Cilacap Sektor 3,25.24,25.32,34.88,58.36,78.71,96.80,-,6.45,43.95,-,1072.67,1045.69,4629.43,224.67,65.55
108.,Batang Sektor 2,Stasiun BMKG Batang Sektor 2,,,,,,,-,,,-,,,,,
109.,Wonosobo Sektor 3,Stasiun BMKG Wonosobo Sektor 3,20.62,24.77,31.40,58.20,80.34,101.36,-,,,-,,,3158.31,181.05,62.99
110.,Brebes Sektor 5,Stasiun BMKG Brebes Sektor 5,,,,,,,-,,,-,,,,,
111.,Pati Sektor 4,Stasiun BMKG Pati Sektor 4,,,,,,,-,,,-,,,,,
112.,Batang Sektor 3,Stasiun BMKG Batang Sektor 3,,,,,,,-,,,-,,,,,
113.,Grobogan Sektor 3,Stasiun BMKG Grobogan Sektor 3,,,,,,,-,,,-,,,,,
114.,Karanganyar Sektor 2,Stasiun BMKG Karanganyar Sektor 2,,,,,,,-,,,-,,,,,
115.,Purbalingga Sektor 4,Stasiun BMKG Purbalingga Sektor 4,,,,,,,-,,,-,,,,,
116.,Purbalingga Sektor 5,Stasiun BMKG Purbalingga Sektor 5,,,,,,,-,,,-,,,,,
117.,Batang Sektor 4,Stasiun BMKG Batang Sektor 4,,,,,,,-,,,-,,,,,
118.,Karanganyar Sektor 3,Stasiun BMKG Karanganyar Sektor 3,,,,,,,-,,,-,,,,,
119.,Kendal Sektor 5,Stasiun BMKG Kendal Sektor 5,,,,,,,-,,,-,,,,,
120.,Magelang Sektor 6,Stasiun BMKG Magelang Sektor 6,,,,,,,-,,,-,,,,,
121.,Pemalang Sektor 2,Stasiun BMKG Pemalang Sektor 2,,,,,,,-,,,-,,,,,
122.,Grobogan Sektor 4,Stasiun BMKG Grobogan Sektor 4,,,,,,,-,,,-,,,,,
123.,Pati Sektor 5,Stasiun BMKG Pati Sektor 5,,,,,,,-,,,-,,,,,
124.,Temanggung Sektor 3,Stasiun BMKG Temanggung Sektor 3,,,,,,,-,,,-,,,,,
125.,Semarang Sektor 3,Stasiun BMKG Semarang Sektor 3,24.70,26.77,31.86,54.37,85.52,94.45,-,5.36,29.84,-,1104.58,947.04,2698.16,179.40,73.48
126.,Wonosobo Sektor 4,Stasiun BMKG Wonosobo Sektor 4,20.49,26.75,31.31,56.92,79.17,102.77,-,,,-,,,3327.81,186.32,56.40
127.,Pati Sektor 6,Stasiun BMKG Pati Sektor 6,,,,,,,-,,,-,,,,,
128.,Wonogiri Sektor 2,Stasiun BMKG Wonogiri Sektor 2,,,,,,,-,,,-,,,,,
129.,Salatiga Sektor 6,Stasiun BMKG Salatiga Sektor 6,,,,,,,-,,,-,,,,,
130.,Purworejo Sektor 2,Stasiun BMKG Purworejo Sektor 2,,,,,,,-,,,-,,,,,
131.,Blora Sektor 4,Stasiun BMKG Blora Sektor 4,,,,,,,-,,,-,,,,,
132.,Kudus Sektor 4,Stasiun BMKG Kudus Sektor 4,,25.65,,,,,-,,,-,,,3420.33,147.12,
133.,Brebes Sektor 6,Stasiun BMKG Brebes Sektor 6,,,,,,,-,,,-,,,,,
134.,Kendal Sektor 6,Stasiun BMKG Kendal Sektor 6,,,,,,,-,,,-,,,,,
135.,Wonogiri Sektor 3,Stasiun BMKG Wonogiri Sektor 3,,,,,,,-,,,-,,,,,
136.,Sragen Sektor 3,Stasiun BMKG Sragen Sektor 3,,28.77,,,,,-,,,-,,,2527.42,143.03,
137.,Purbalingga Sektor 6,Stasiun BMKG Purbalingga Sektor 6,,,,,,,-,,,-,,,,,
138.,Wonogiri Sektor 4,Stasiun BMKG Wonogiri Sektor 4,,,,,,,-,,,-,,,,,
139.,Brebes Sektor 7,Stasiun BMKG Brebes Sektor 7,,,,,,,-,,,-,,,,,
140.,Semarang Sektor 4,Stasiun BMKG Semarang Sektor 4,23.69,30.96,31.05,62.07,82.07,104.14,-,4.68,31.16,-,1078.30,1100.47,2605.00,169.90,71.34
141.,Magelang Sektor 7,Stasiun BMKG Magelang Sektor 7,,,,,,,-,,,-,,,,,
142.,Purworejo Sektor 3,Stasiun BMKG Purworejo Sektor 3,,,,,,,-,,,-,,,,,
143.,Semarang Sektor 5,Stasiun BMKG Semarang Sektor 5,23.12,28.85,34.11,59.33,74.94,98.69,-,4.67,30.86,-,1062.39,1010.69,2534.19,185.35,74.54
144.,Tegal Sektor 3,Stasiun BMKG Tegal Sektor 3,25.12,27.71,36.59,47.54,85.09,95.88,-,7.81,31.94,-,1006.29,949.43,"2 081,9",116.66,75.74
145.,Pemalang Sektor 3,Stasiun BMKG Pemalang Sektor 3,,,,,,,-,,,-,,,,,
146.,Karanganyar Sektor 4,Stasiun BMKG Karanganyar Sektor 4,,,,,,,-,,,-,,,,,
147.,Karanganyar Sektor 5,Stasiun BMKG Karanganyar Sektor 5,,,,,,,-,,,-,,,,,
148.,Banjarnegara Sektor 1,Stasiun BMKG Banjarnegara Sektor 1,18.40,22.24,26.96,63.14,85.39,96.59,-,,,-,,,2848.63,203.46,43.00
149.,Batang Sektor 5,Stasiun BMKG Batang Sektor 5,,,,,,,-,,,-,,,,,
150.,Surakarta Sektor 1,Stasiun BMKG Surakarta Sektor 1,,,,,,,-,,,-,,,,,
151.,Banyumas Sektor 6,Stasiun BMKG Banyumas Sektor 6,,,,,,,-,,,-,,,,,
152.,Rembang Sektor 6,Stasiun BMKG Rembang Sektor 6,,,,,,,-,,,-,,,,,
153.,Blora Sektor 5,Stasiun BMKG Blora Sektor 5,,,,,,,-,,,-,,,,,
154., Sektor 4,Stasiun BMKG  Sektor 4,,,,,,,-,,,-,,,,,
155.,Sragen Sektor 4,Stasiun BMKG Sragen Sektor 4,,24.52,,,,,-,,,-,,,2697.06,153.25,
156.,Wonogiri Sektor 5,Stasiun BMKG Wonogiri Sektor 5,,,,,,,-,,,-,,,,,
157.,Banyumas Sektor 7,Stasiun BMKG Banyumas Sektor 7,,,,,,,-,,,-,,,,,
158.,Purbalingga Sektor 7,Stasiun BMKG Purbalingga Sektor 7,,,,,,,-,,,-,,,,,
159.,Magelang Sektor 8,Stasiun BMKG Magelang Sektor 8,,,,,,,-,,,-,,,,,
160.,Batang Sektor 6,Stasiun BMKG Batang Sektor 6,,,,,,,-,,,-,,,,,
161.,Salatiga Sektor 7,Stasiun BMKG Salatiga Sektor 7,,,,,,,-,,,-,,,,,
162.,Pekalongan Sektor 2,Stasiun BMKG Pekalongan Sektor 2,,,,,,,-,,,-,,,,,
163.,Kebumen Sektor 3,Stasiun BMKG Kebumen Sektor 3,18.76,26.74,31.90,60.79,89.04,97.53,-,,,-,979.86,984.67,4442.67,210.34,54.89
164.,Rembang Sektor 7,Stasiun BMKG Rembang Sektor 7,,,,,,,-,,,-,,,,,
165.,Semarang Sektor 6,Stasiun BMKG Semarang Sektor 6,21.42,23.95,29.66,65.11,25.42,32.45,-,,,-,,,3114.83,175.06,68.03
166.,Tegal Sektor 4,Stasiun BMKG Tegal Sektor 4,23.04,26.45,31.33,53.20,82.28,95.68,-,8.05,30.89,-,1105.18,1071.61,"2 081,9",119.82,81.10
167.,Karanganyar Sektor 6,Stasiun BMKG Karanganyar Sektor 6,,,,,,,-,,,-,,,,,
168.,Batang Sektor 7,Stasiun BMKG Batang Sektor 7,,,,,,,-,,,-,,,,,
169.,Pati Sektor 7,Stasiun BMKG Pati Sektor 7,,,,,,,-,,,-,,,,,
170.,Karanganyar Sektor 7,Stasiun BMKG Karanganyar Sektor 7,,,,,,,-,,,-,,,,,
171.,Kudus Sektor 5,Stasiun BMKG Kudus Sektor 5,,23.38,,,,,-,,,-,,,3915.43,146.47,
172.,Batang Sektor 8,Stasiun BMKG Batang Sektor 8,,,,,,,-,,,-,,,,,
173.,Sragen Sektor 5,Stasiun BMKG Sragen Sektor 5,,24.81,,,,,-,,,-,,,2366.22,155.92,
174.,Demak Sektor 2,Stasiun BMKG Demak Sektor 2,,,,,,,-,,,-,,,,,
175.,Banjarnegara Sektor 2,Stasiun BMKG Banjarnegara Sektor 2,18.37,25.77,29.92,59.85,77.29,100.21,-,,,-,,,2850.99,202.65,38.51
176.,Tegal Sektor 5,Stasiun BMKG Tegal Sektor 5,25.73,26.43,34.34,56.99,72.78,96.72,-,8.14,34.59,-,1050.45,1098.09,"2 081,9",132.06,67.43
177.,Pekalongan Sektor 3,Stasiun BMKG Pekalongan Sektor 3,,,,,,,-,,,-,,,,,
178.,Kendal Sektor 7,Stasiun BMKG Kendal Sektor 7,,,,,,,-,,,-,,,,,
179.,Tegal Sektor 6,Stasiun BMKG Tegal Sektor 6,,,,,,,-,,,-,,,,,
180.,Demak Sektor 3,Stasiun BMKG Demak Sektor 3,,,,,,,-,,,-,,,,,
181.,Sragen Sektor 6,Stasiun BMKG Sragen Sektor 6,,24.47,,,,,-,,,-,,,2410.86,143.48,
182.,Wonosobo Sektor 5,Stasiun BMKG Wonosobo Sektor 5,21.49,24.88,35.43,52.82,76.32,104.02,-,,,-,,,3431.44,197.37,59.88
183.,Klaten Sektor 1,Stasiun BMKG Klaten Sektor 1,,,,,,,-,,,-,,,,,
184.,Tegal Sektor 7,Stasiun BMKG Tegal Sektor 7,24.34,29.91,33.09,54.87,85.25,87.49,-,8.04,32.55,-,1069.69,1026.89,"2 081,9",128.36,78.41
185.,Grobogan Sektor 5,Stasiun BMKG Grobogan Sektor 5,,,,,,,-,,,-,,,,,
186.,Cilacap Sektor 4,Stasiun BMKG Cilacap Sektor 4,25.58,27.22,29.58,61.66,81.03,105.54,-,6.58,43.31,-,935.87,1051.38,4095.15,190.23,73.46
187.,Pekalongan Sektor 4,Stasiun BMKG Pekalongan Sektor 4,,,,,,,-,,,-,,,,,
188.,Kendal Sektor 8,Stasiun BMKG Kendal Sektor 8,,,,,,,-,,,-,,,,,
189.,Sukoharjo Sektor 4,Stasiun BMKG Sukoharjo Sektor 4,,,,,,,-,,,-,,,,,
190.,Tegal Sektor 8,Stasiun BMKG Tegal Sektor 8,22.67,28.96,36.87,55.86,82.15,98.37,-,8.26,32.37,-,1092.79,1045.73,"2 081,9",126.51,68.24
191.,Sragen Sektor 7,Stasiun BMKG Sragen Sektor 7,,25.21,,,,,-,,,-,,,2760.57,158.67,
192.,Boyolali Sektor 3,Stasiun BMKG Boyolali Sektor 3,20.67,24.82,34.25,,,,-,,,-,,,1700.17,149.09,
193.,Pekalongan Sektor 5,Stasiun BMKG Pekalongan Sektor 5,,,,,,,-,,,-,,,,,
194., Sektor 5,Stasiun BMKG  Sektor 5,,,,,,,-,,,-,,,,,
195.,Salatiga Sektor 8,Stasiun BMKG Salatiga Sektor 8,,,,,,,-,,,-,,,,,
196.,Grobogan Sektor 6,Stasiun BMKG Grobogan Sektor 6,,,,,,,-,,,-,,,,,
197.,Purbalingga Sektor 8,Stasiun BMKG Purbalingga Sektor 8,,,,,,,-,,,-,,,,,
198.,Magelang Sektor 9,Stasiun BMKG Magelang Sektor 9,,,,,,,-,,,-,,,,,
199.,Magelang Sektor 10,Stasiun BMKG Magelang Sektor 10,,,,,,,-,,,-,,,,,
200.,Demak Sektor 4,Stasiun BMKG Demak Sektor 4,,,,,,,-,,,-,,,,,
201.,Wonogiri Sektor 6,Stasiun BMKG Wonogiri Sektor 6,,,,,,,-,,,-,,,,,
202.,Temanggung Sektor 4,Stasiun BMKG Temanggung Sektor 4,,,,,,,-,,,-,,,,,
203.,Grobogan Sektor 7,Stasiun BMKG Grobogan Sektor 7,,,,,,,-,,,-,,,,,
204.,Purworejo Sektor 4,Stasiun BMKG Purworejo Sektor 4,,,,,,,-,,,-,,,,,
205.,Demak Sektor 5,Stasiun BMKG Demak Sektor 5,,,,,,,-,,,-,,,,,
206., Sektor 6,Stasiun BMKG  Sektor 6,,,,,,,-,,,-,,,,,
207.,Salatiga Sektor 9,Stasiun BMKG Salatiga Sektor 9,,,,,,,-,,,-,,,,,
208.,Magelang Sektor 11,Stasiun BMKG Magelang Sektor 11,,,,,,,-,,,-,,,,,
209.,Kebumen Sektor 4,Stasiun BMKG Kebumen Sektor 4,20.35,24.82,36.60,61.37,82.87,97.49,-,,,-,993.57,1105.46,4519.65,182.61,51.99
210.,Rembang Sektor 8,Stasiun BMKG Rembang Sektor 8,,,,,,,-,,,-,,,,,
211.,Demak Sektor 6,Stasiun BMKG Demak Sektor 6,,,,,,,-,,,-,,,,,
212.,Rembang Sektor 9,Stasiun BMKG Rembang Sektor 9,,,,,,,-,,,-,,,,,
213.,Pemalang Sektor 4,Stasiun BMKG Pemalang Sektor 4,,,,,,,-,,,-,,,,,
214.,Rembang Sektor 10,Stasiun BMKG Rembang Sektor 10,,,,,,,-,,,-,,,,,
215.,Rembang Sektor 11,Stasiun BMKG Rembang Sektor 11,,,,,,,-,,,-,,,,,
216.,Salatiga Sektor 10,Stasiun BMKG Salatiga Sektor 10,,,,,,,-,,,-,,,,,
217.,Klaten Sektor 2,Stasiun BMKG Klaten Sektor 2,,,,,,,-,,,-,,,,,
218.,Wonosobo Sektor 6,Stasiun BMKG Wonosobo Sektor 6,20.08,26.26,35.83,53.54,86.11,87.78,-,,,-,,,3324.89,189.85,64.15
219.,Karanganyar Sektor 8,Stasiun BMKG Karanganyar Sektor 8,,,,,,,-,,,-,,,,,
220.,Karanganyar Sektor 9,Stasiun BMKG Karanganyar Sektor 9,,,,,,,-,,,-,,,,,
221., Sektor 7,Stasiun BMKG  Sektor 7,,,,,,,-,,,-,,,,,
222.,Klaten Sektor 3,Stasiun BMKG Klaten Sektor 3,,,,,,,-,,,-,,,,,
223.,Magelang Sektor 12,Stasiun BMKG Magelang Sektor 12,,,,,,,-,,,-,,,,,
224.,Semarang Sektor 7,Stasiun BMKG Semarang Sektor 7,23.23,30.60,36.79,59.07,80.96,105.46,-,5.18,27.70,-,917.54,1023.66,2729.10,181.70,72.15
225.,Temanggung Sektor 5,Stasiun BMKG Temanggung Sektor 5,,,,,,,-,,,-,,,,,
226.,Rembang Sektor 12,Stasiun BMKG Rembang Sektor 12,,,,,,,-,,,-,,,,,
227.,Karanganyar Sektor 10,Stasiun BMKG Karanganyar Sektor 10,,,,,,,-,,,-,,,,,
228.,Pati Sektor 8,Stasiun BMKG Pati Sektor 8,,,,,,,-,,,-,,,,,
229.,Klaten Sektor 4,Stasiun BMKG Klaten Sektor 4,,,,,,,-,,,-,,,,,
230.,Batang Sektor 9,Stasiun BMKG Batang Sektor 9,,,,,,,-,,,-,,,,,
231., Sektor 8,Stasiun BMKG  Sektor 8,19.19,23.77,32.25,52.49,88.68,103.73,-,,,-,,,1849.25,156.56,
232.,Salatiga Sektor 11,Stasiun BMKG Salatiga Sektor 11,,,,,,,-,,,-,,,,,
233.,Banjarnegara Sektor 3,Stasiun BMKG Banjarnegara Sektor 3,19.98,25.56,30.27,57.06,88.80,98.30,-,,,-,,,2942.68,215.24,40.17
234.,Kendal Sektor 9,Stasiun BMKG Kendal Sektor 9,,,,,,,-,,,-,,,,,
235.,Semarang Sektor 8,Stasiun BMKG Semarang Sektor 8,20.12,28.07,33.84,60.28,28.57,32.88,-,,,-,,,2774.66,165.09,57.61
236.,Banjarnegara Sektor 4,Stasiun BMKG Banjarnegara Sektor 4,18.29,25.62,32.23,66.85,91.29,96.11,-,,,-,,,3297.34,218.70,39.34
237.,Magelang Sektor 13,Stasiun BMKG Magelang Sektor 13,,,,,,,-,,,-,,,,,
238.,Tegal Sektor 9,Stasiun BMKG Tegal Sektor 9,,,,,,,-,,,-,,,,,
239.,Boyolali Sektor 4,Stasiun BMKG Boyolali Sektor 4,20.73,27.97,37.13,,,,-,,,-,,,1736.60,142.07,
240.,Pati Sektor 9,Stasiun BMKG Pati Sektor 9,,,,,,,-,,,-,,,,,
241.,Brebes Sektor 8,Stasiun BMKG Brebes Sektor 8,,,,,,,-,,,-,,,,,
242.,Kebumen Sektor 5,Stasiun BMKG Kebumen Sektor 5,18.64,29.16,34.35,61.86,90.28,104.58,-,,,-,971.08,1044.85,4721.87,205.16,47.35
243.,Temanggung Sektor 6,Stasiun BMKG Temanggung Sektor 6,,,,,,,-,,,-,,,,,
244.,Demak Sektor 7,Stasiun BMKG Demak Sektor 7,,,,,,,-,,,-,,,,,
245., Sektor 9,Stasiun BMKG  Sektor 9,,,,,,,-,,,-,,,,,
246.,Demak Sektor 8,Stasiun BMKG Demak Sektor 8,,,,,,,-,,,-,,,,,
247.,Rembang Sektor 13,Stasiun BMKG Rembang Sektor 13,,,,,,,-,,,-,,,,,
248.,Surakarta Sektor 2,Stasiun BMKG Surakarta Sektor 2,,,,,,,-,,,-,,,,,
249.,Jepara Sektor 1,Stasiun BMKG Jepara Sektor 1,,,,,,,-,,,-,,,,,
250.,Pati Sektor 10,Stasiun BMKG Pati Sektor 10,,,,,,,-,,,-,,,,,
251.,Kudus Sektor 6,Stasiun BMKG Kudus Sektor 6,,25.52,,,,,-,,,-,,,3505.48,150.99,
252.,Magelang Sektor 14,Stasiun BMKG Magelang Sektor 14,,,,,,,-,,,-,,,,,
253.,Wonogiri Sektor 7,Stasiun BMKG Wonogiri Sektor 7,,,,,,,-,,,-,,,,,
254.,Banjarnegara Sektor 5,Stasiun BMKG Banjarnegara Sektor 5,17.59,23.96,32.64,56.53,84.40,104.87,-,,,-,,,3043.41,195.10,42.89
255.,Pemalang Sektor 5,Stasiun BMKG Pemalang Sektor 5,,,,,,,-,,,-,,,,,
256.,Jepara Sektor 2,Stasiun BMKG Jepara Sektor 2,,,,,,,-,,,-,,,,,
257.,Purworejo Sektor 5,Stasiun BMKG Purworejo Sektor 5,,,,,,,-,,,-,,,,,
258.,Semarang Sektor 9,Stasiun BMKG Semarang Sektor 9,23.69,31.00,31.11,54.10,81.90,89.10,-,5.25,32.49,-,996.67,961.83,2479.93,177.60,62.86
259.,Tegal Sektor 10,Stasiun BMKG Tegal Sektor 10,21.60,30.41,32.92,51.22,73.56,94.81,-,8.15,33.13,-,976.76,1089.06,"2 081,9",122.08,73.90
260.,Karanganyar Sektor 11,Stasiun BMKG Karanganyar Sektor 11,,,,,,,-,,,-,,,,,
261.,Tegal Sektor 11,Stasiun BMKG Tegal Sektor 11,21.54,29.93,32.49,51.42,70.54,89.30,-,8.00,30.98,-,1008.70,1097.58,"2 081,9",115.13,77.91
262.,Sragen Sektor 8,Stasiun BMKG Sragen Sektor 8,,27.91,,,,,-,,,-,,,2299.96,163.82,
263.,Pemalang Sektor 6,Stasiun BMKG Pemalang Sektor 6,,,,,,,-,,,-,,,,,
264.,Blora Sektor 6,Stasiun BMKG Blora Sektor 6,,,,,,,-,,,-,,,,,
265.,Semarang Sektor 10,Stasiun BMKG Semarang Sektor 10,21.35,25.94,30.55,55.99,89.49,91.99,-,4.85,27.63,-,953.92,1014.49,2567.05,161.34,63.53
266.,Kudus Sektor 7,Stasiun BMKG Kudus Sektor 7,,24.04,,,,,-,,,-,,,3672.98,144.14,
267.,Brebes Sektor 9,Stasiun BMKG Brebes Sektor 9,,,,,,,-,,,-,,,,,
268.,Wonosobo Sektor 7,Stasiun BMKG Wonosobo Sektor 7,22.81,27.86,36.03,55.61,89.21,91.25,-,,,-,,,3201.23,179.94,62.89
269.,Brebes Sektor 10,Stasiun BMKG Brebes Sektor 10,,,,,,,-,,,-,,,,,
270.,Semarang Sektor 11,Stasiun BMKG Semarang Sektor 11,22.08,26.72,32.79,58.47,75.84,94.47,-,4.96,31.34,-,1041.66,1052.80,2265.81,160.40,71.95
271.,Boyolali Sektor 5,Stasiun BMKG Boyolali Sektor 5,20.14,28.23,34.61,,,,-,,,-,,,1863.10,130.76,
272.,Boyolali Sektor 6,Stasiun BMKG Boyolali Sektor 6,21.33,28.46,33.03,,,,-,,,-,,,1808.45,131.19,
273.,Banyumas Sektor 8,Stasiun BMKG Banyumas Sektor 8,,,,,,,-,,,-,,,,,
274.,Purbalingga Sektor 9,Stasiun BMKG Purbalingga Sektor 9,,,,,,,-,,,-,,,,,
275.,Banjarnegara Sektor 6,Stasiun BMKG Banjarnegara Sektor 6,20.76,24.83,31.93,64.88,82.41,89.98,-,,,-,,,3018.55,217.83,41.66
276.,Karanganyar Sektor 12,Stasiun BMKG Karanganyar Sektor 12,,,,,,,-,,,-,,,,,
277.,Pemalang Sektor 7,Stasiun BMKG Pemalang Sektor 7,,,,,,,-,,,-,,,,,
278.,Magelang Sektor 15,Stasiun BMKG Magelang Sektor 15,,,,,,,-,,,-,,,,,
279.,Banjarnegara Sektor 7,Stasiun BMKG Banjarnegara Sektor 7,18.38,26.60,32.67,63.24,88.69,99.82,-,,,-,,,3066.08,189.42,41.82
280.,Pati Sektor 11,Stasiun BMKG Pati Sektor 11,,,,,,,-,,,-,,,,,
281.,Wonosobo Sektor 8,Stasiun BMKG Wonosobo Sektor 8,23.27,28.42,37.46,56.40,82.81,95.10,-,,,-,,,3219.42,190.73,59.71
282.,Pekalongan Sektor 6,Stasiun BMKG Pekalongan Sektor 6,,,,,,,-,,,-,,,,,
283.,Pemalang Sektor 8,Stasiun BMKG Pemalang Sektor 8,,,,,,,-,,,-,,,,,
284.,Jepara Sektor 3,Stasiun BMKG Jepara Sektor 3,,,,,,,-,,,-,,,,,
285.,Kendal Sektor 10,Stasiun BMKG Kendal Sektor 10,,,,,,,-,,,-,,,,,
286., Sektor 10,Stasiun BMKG  Sektor 10,,,,,,,-,,,-,,,,,
287.,Magelang Sektor 16,Stasiun BMKG Magelang Sektor 16,,,,,,,-,,,-,,,,,
288.,Kendal Sektor 11,Stasiun BMKG Kendal Sektor 11,,,,,,,-,,,-,,,,,
289.,Pati Sektor 12,Stasiun BMKG Pati Sektor 12,,,,,,,-,,,-,,,,,
290.,Blora Sektor 7,Stasiun BMKG Blora Sektor 7,,,,,,,-,,,-,,,,,
291.,Rembang Sektor 14,Stasiun BMKG Rembang Sektor 14,,,,,,,-,,,-,,,,,
292.,Tegal Sektor 12,Stasiun BMKG Tegal Sektor 12,,,,,,,-,,,-,,,,,
293.,Purbalingga Sektor 10,Stasiun BMKG Purbalingga Sektor 10,,,,,,,-,,,-,,,,,
294.,Banjarnegara Sektor 8,Stasiun BMKG Banjarnegara Sektor 8,17.71,23.19,28.06,58.18,90.43,95.09,-,,,-,,,2989.71,218.84,39.28
295.,Banyumas Sektor 9,Stasiun BMKG Banyumas Sektor 9,,,,,,,-,,,-,,,,,
296.,Kudus Sektor 8,Stasiun BMKG Kudus Sektor 8,,24.65,,,,,-,,,-,,,3447.94,129.21,
297.,Salatiga Sektor 12,Stasiun BMKG Salatiga Sektor 12,,,,,,,-,,,-,,,,,
298.,Brebes Sektor 11,Stasiun BMKG Brebes Sektor 11,,,,,,,-,,,-,,,,,
299.,Kendal Sektor 12,Stasiun BMKG Kendal Sektor 12,,,,,,,-,,,-,,,,,
300.,Banjarnegara Sektor 9,Stasiun BMKG Banjarnegara Sektor 9,18.77,25.89,27.35,67.44,84.29,104.98,-,,,-,,,3274.28,206.04,39.66
301.,Pemalang Sektor 9,Stasiun BMKG Pemalang Sektor 9,,,,,,,-,,,-,,,,,
302.,Klaten Sektor 5,Stasiun BMKG Klaten Sektor 5,,,,,,,-,,,-,,,,,
303.,Wonogiri Sektor 8,Stasiun BMKG Wonogiri Sektor 8,,,,,,,-,,,-,,,,,
304.,Salatiga Sektor 13,Stasiun BMKG Salatiga Sektor 13,,,,,,,-,,,-,,,,,
305.,Temanggung Sektor 7,Stasiun BMKG Temanggung Sektor 7,,,,,,,-,,,-,,,,,
306.,Kebumen Sektor 6,Stasiun BMKG Kebumen Sektor 6,19.27,28.80,36.29,66.13,86.04,93.03,-,,,-,989.44,1064.96,4059.57,210.23,48.25
307.,Semarang Sektor 12,Stasiun BMKG Semarang Sektor 12,24.71,29.96,31.49,54.62,83.95,90.33,-,5.33,29.15,-,1093.40,1023.88,2353.42,157.75,70.77
308.,Pemalang Sektor 10,Stasiun BMKG Pemalang Sektor 10,,,,,,,-,,,-,,,,,
309.,Pati Sektor 13,Stasiun BMKG Pati Sektor 13,,,,,,,-,,,-,,,,,
310.,Pekalongan Sektor 7,Stasiun BMKG Pekalongan Sektor 7,,,,,,,-,,,-,,,,,
311.,Grobogan Sektor 8,Stasiun BMKG Grobogan Sektor 8,,,,,,,-,,,-,,,,,
312.,Magelang Sektor 17,Stasiun BMKG Magelang Sektor 17,,,,,,,-,,,-,,,,,
313.,Brebes Sektor 12,Stasiun BMKG Brebes Sektor 12,,,,,,,-,,,-,,,,,
314.,Pati Sektor 14,Stasiun BMKG Pati Sektor 14,,,,,,,-,,,-,,,,,
315.,Rembang Sektor 15,Stasiun BMKG Rembang Sektor 15,,,,,,,-,,,-,,,,,
316.,Temanggung Sektor 8,Stasiun BMKG Temanggung Sektor 8,,,,,,,-,,,-,,,,,
317.,Batang Sektor 10,Stasiun BMKG Batang Sektor 10,,,,,,,-,,,-,,,,,
318.,Semarang Sektor 13,Stasiun BMKG Semarang Sektor 13,24.95,29.89,32.54,56.97,86.28,94.36,-,5.07,27.04,-,921.50,1017.75,2546.11,178.55,64.57
319.,Wonogiri Sektor 9,Stasiun BMKG Wonogiri Sektor 9,,,,,,,-,,,-,,,,,
320.,Temanggung Sektor 9,Stasiun BMKG Temanggung Sektor 9,,,,,,,-,,,-,,,,,
321.,Pemalang Sektor 11,Stasiun BMKG Pemalang Sektor 11,,,,,,,-,,,-,,,,,
322.,Brebes Sektor 13,Stasiun BMKG Brebes Sektor 13,,,,,,,-,,,-,,,,,
323.,Pati Sektor 15,Stasiun BMKG Pati Sektor 15,,,,,,,-,,,-,,,,,
324.,Magelang Sektor 18,Stasiun BMKG Magelang Sektor 18,,,,,,,-,,,-,,,,,
325.,Blora Sektor 8,Stasiun BMKG Blora Sektor 8,,,,,,,-,,,-,,,,,
326.,Cilacap Sektor 5,Stasiun BMKG Cilacap Sektor 5,25.12,29.72,33.70,53.16,75.62,93.66,-,5.57,37.95,-,1003.44,1103.31,4300.92,216.77,71.10
327.,Blora Sektor 9,Stasiun BMKG Blora Sektor 9,,,,,,,-,,,-,,,,,
328.,Semarang Sektor 14,Stasiun BMKG Semarang Sektor 14,23.19,28.30,30.89,55.08,84.68,93.91,-,5.42,29.44,-,937.94,1054.00,2409.04,170.87,72.46
329.,Batang Sektor 11,Stasiun BMKG Batang Sektor 11,,,,,,,-,,,-,,,,,
330.,Sragen Sektor 9,Stasiun BMKG Sragen Sektor 9,,25.78,,,,,-,,,-,,,2667.80,159.45,
331.,Grobogan Sektor 9,Stasiun BMKG Grobogan Sektor 9,,,,,,,-,,,-,,,,,
332.,Batang Sektor 12,Stasiun BMKG Batang Sektor 12,,,,,,,-,,,-,,,,,
333.,Pekalongan Sektor 8,Stasiun BMKG Pekalongan Sektor 8,,,,,,,-,,,-,,,,,
334.,Pekalongan Sektor 9,Stasiun BMKG Pekalongan Sektor 9,,,,,,,-,,,-,,,,,
335.,Semarang Sektor 15,Stasiun BMKG Semarang Sektor 15,20.38,24.62,33.60,69.16,23.62,32.69,-,,,-,,,2943.38,152.07,60.10
336.,Tegal Sektor 13,Stasiun BMKG Tegal Sektor 13,23.74,29.41,36.78,56.94,83.20,89.34,-,8.75,34.87,-,1097.53,1046.82,"2 081,9",120.18,72.08
337.,Temanggung Sektor 10,Stasiun BMKG Temanggung Sektor 10,,,,,,,-,,,-,,,,,
338., Sektor 11,Stasiun BMKG  Sektor 11,,,,,,,-,,,-,,,,,
339.,Temanggung Sektor 11,Stasiun BMKG Temanggung Sektor 11,,,,,,,-,,,-,,,,,
340.,Semarang Sektor 16,Stasiun BMKG Semarang Sektor 16,20.47,28.12,32.02,62.35,24.15,30.42,-,,,-,,,2797.87,163.06,57.26
341.,Pekalongan Sektor 10,Stasiun BMKG Pekalongan Sektor 10,,,,,,,-,,,-,,,,,
342.,Temanggung Sektor 12,Stasiun BMKG Temanggung Sektor 12,,,,,,,-,,,-,,,,,
343., Sektor 12,Stasiun BMKG  Sektor 12,,,,,,,-,,,-,,,,,
344.,Pati Sektor 16,Stasiun BMKG Pati Sektor 16,,,,,,,-,,,-,,,,,
345.,Semarang Sektor 17,Stasiun BMKG Semarang Sektor 17,21.46,25.81,34.51,63.16,83.39,91.70,-,5.17,27.48,-,998.25,942.56,2354.32,159.88,68.12
346.,Purworejo Sektor 6,Stasiun BMKG Purworejo Sektor 6,,,,,,,-,,,-,,,,,
347.,Purbalingga Sektor 11,Stasiun BMKG Purbalingga Sektor 11,,,,,,,-,,,-,,,,,
348.,Magelang Sektor 19,Stasiun BMKG Magelang Sektor 19,,,,,,,-,,,-,,,,,
349.,Karanganyar Sektor 13,Stasiun BMKG Karanganyar Sektor 13,,,,,,,-,,,-,,,,,
350.,Semarang Sektor 18,Stasiun BMKG Semarang Sektor 18,20.10,28.20,29.91,62.15,25.22,34.55,-,,,-,,,3115.35,151.70,67.18
351.,Kendal Sektor 13,Stasiun BMKG Kendal Sektor 13,,,,,,,-,,,-,,,,,
352.,Pekalongan Sektor 11,Stasiun BMKG Pekalongan Sektor 11,,,,,,,-,,,-,,,,,
353.,Semarang Sektor 19,Stasiun BMKG Semarang Sektor 19,20.83,24.43,31.49,61.42,23.76,34.84,-,,,-,,,2696.78,159.14,56.79
354.,Pemalang Sektor 12,Stasiun BMKG Pemalang Sektor 12,,,,,,,-,,,-,,,,,
355.,Banyumas Sektor 10,Stasiun BMKG Banyumas Sektor 10,,,,,,,-,,,-,,,,,
356.,Pati Sektor 17,Stasiun BMKG Pati Sektor 17,,,,,,,-,,,-,,,,,
357.,Temanggung Sektor 13,Stasiun BMKG Temanggung Sektor 13,,,,,,,-,,,-,,,,,
358.,Purworejo Sektor 7,Stasiun BMKG Purworejo Sektor 7,,,,,,,-,,,-,,,,,
359.,Boyolali Sektor 7,Stasiun BMKG Boyolali Sektor 7,22.72,25.71,31.32,,,,-,,,-,,,1826.22,134.95,
360.,Boyolali Sektor 8,Stasiun BMKG Boyolali Sektor 8,23.57,27.96,35.85,,,,-,,,-,,,1629.06,136.81,
361.,Pekalongan Sektor 12,Stasiun BMKG Pekalongan Sektor 12,,,,,,,-,,,-,,,,,
362.,Pekalongan Sektor 13,Stasiun BMKG Pekalongan Sektor 13,,,,,,,-,,,-,,,,,
363.,Pekalongan Sektor 14,Stasiun BMKG Pekalongan Sektor 14,,,,,,,-,,,-,,,,,
364.,Rembang Sektor 16,Stasiun BMKG Rembang Sektor 16,,,,,,,-,,,-,,,,,
365.,Pekalongan Sektor 15,Stasiun BMKG Pekalongan Sektor 15,,,,,,,-,,,-,,,,,
366.,Surakarta Sektor 3,Stasiun BMKG Surakarta Sektor 3,,,,,,,-,,,-,,,,,
367.,Cilacap Sektor 6,Stasiun BMKG Cilacap Sektor 6,24.83,29.10,33.34,54.34,89.69,99.28,-,6.24,40.85,-,1087.37,1059.18,4112.59,206.13,74.33
368.,Grobogan Sektor 10,Stasiun BMKG Grobogan Sektor 10,,,,,,,-,,,-,,,,,
369.,Karanganyar Sektor 14,Stasiun BMKG Karanganyar Sektor 14,,,,,,,-,,,-,,,,,
370.,Banyumas Sektor 11,Stasiun BMKG Banyumas Sektor 11,,,,,,,-,,,-,,,,,
371.,Banyumas Sektor 12,Stasiun BMKG Banyumas Sektor 12,,,,,,,-,,,-,,,,,
372.,Banyumas Sektor 13,Stasiun BMKG Banyumas Sektor 13,,,,,,,-,,,-,,,,,
373.,Banjarnegara Sektor 10,Stasiun BMKG Banjarnegara Sektor 10,19.99,22.17,29.52,64.34,86.72,101.73,-,,,-,,,3237.23,219.36,43.65
374., Sektor 13,Stasiun BMKG  Sektor 13,21.22,25.86,36.04,48.62,81.56,103.96,-,,,-,,,1972.82,158.17,
375.,Purworejo Sektor 8,Stasiun BMKG Purworejo Sektor 8,,,,,,,-,,,-,,,,,
376., Sektor 14,Stasiun BMKG  Sektor 14,,,,,,,-,,,-,,,,,
377.,Rembang Sektor 17,Stasiun BMKG Rembang Sektor 17,,,,,,,-,,,-,,,,,
378.,Purworejo Sektor 9,Stasiun BMKG Purworejo Sektor 9,,,,,,,-,,,-,,,,,
379.,Temanggung Sektor 14,Stasiun BMKG Temanggung Sektor 14,,,,,,,-,,,-,,,,,
380.,Wonogiri Sektor 10,Stasiun BMKG Wonogiri Sektor 10,,,,,,,-,,,-,,,,,
381.,Pemalang Sektor 13,Stasiun BMKG Pemalang Sektor 13,,,,,,,-,,,-,,,,,
382.,Pekalongan Sektor 16,Stasiun BMKG Pekalongan Sektor 16,,,,,,,-,,,-,,,,,
383.,Surakarta Sektor 4,Stasiun BMKG Surakarta Sektor 4,,,,,,,-,,,-,,,,,
384.,Wonogiri Sektor 11,Stasiun BMKG Wonogiri Sektor 11,,,,,,,-,,,-,,,,,
385.,Temanggung Sektor 15,Stasiun BMKG Temanggung Sektor 15,,,,,,,-,,,-,,,,,
386.,Kendal Sektor 14,Stasiun BMKG Kendal Sektor 14,,,,,,,-,,,-,,,,,
387.,Brebes Sektor 14,Stasiun BMKG Brebes Sektor 14,,,,,,,-,,,-,,,,,
388.,Jepara Sektor 4,Stasiun BMKG Jepara Sektor 4,,,,,,,-,,,-,,,,,
389.,Pati Sektor 18,Stasiun BMKG Pati Sektor 18,,,,,,,-,,,-,,,,,
390.,Wonosobo Sektor 9,Stasiun BMKG Wonosobo Sektor 9,21.71,27.67,32.37,51.66,84.60,96.70,-,,,-,,,3131.69,183.51,57.58
391.,Banjarnegara Sektor 11,Stasiun BMKG Banjarnegara Sektor 11,17.55,21.97,32.64,58.24,86.33,102.19,-,,,-,,,3040.50,193.57,44.13
392.,Purbalingga Sektor 12,Stasiun BMKG Purbalingga Sektor 12,,,,,,,-,,,-,,,,,
393., Sektor 15,Stasiun BMKG  Sektor 15,20.10,26.07,34.74,60.78,83.57,90.53,-,,,-,,,3059.98,157.95,
394.,Pekalongan Sektor 17,Stasiun BMKG Pekalongan Sektor 17,,,,,,,-,,,-,,,,,
395.,Klaten Sektor 6,Stasiun BMKG Klaten Sektor 6,,,,,,,-,,,-,,,,,
396.,Banyumas Sektor 14,Stasiun BMKG Banyumas Sektor 14,,,,,,,-,,,-,,,,,
397.,Demak Sektor 9,Stasiun BMKG Demak Sektor 9,,,,,,,-,,,-,,,,,
398.,Kendal Sektor 15,Stasiun BMKG Kendal Sektor 15,,,,,,,-,,,-,,,,,
399.,Klaten Sektor 7,Stasiun BMKG Klaten Sektor 7,,,,,,,-,,,-,,,,,
400.,Klaten Sektor 8,Stasiun BMKG Klaten Sektor 8,,,,,,,-,,,-,,,,,
401.,Demak Sektor 10,Stasiun BMKG Demak Sektor 10,,,,,,,-,,,-,,,,,
402.,Klaten Sektor 9,Stasiun BMKG Klaten Sektor 9,,,,,,,-,,,-,,,,,
403.,Blora Sektor 10,Stasiun BMKG Blora Sektor 10,,,,,,,-,,,-,,,,,
404.,Wonogiri Sektor 12,Stasiun BMKG Wonogiri Sektor 12,,,,,,,-,,,-,,,,,
405.,Boyolali Sektor 9,Stasiun BMKG Boyolali Sektor 9,20.84,25.57,35.53,,,,-,,,-,,,1767.82,132.32,
406.,Pekalongan Sektor 18,Stasiun BMKG Pekalongan Sektor 18,,,,,,,-,,,-,,,,,
407.,Batang Sektor 13,Stasiun BMKG Batang Sektor 13,,,,,,,-,,,-,,,,,
408.,Sragen Sektor 10,Stasiun BMKG Sragen Sektor 10,,24.94,,,,,-,,,-,,,2399.72,164.73,
409.,Magelang Sektor 20,Stasiun BMKG Magelang Sektor 20,,,,,,,-,,,-,,,,,
410.,Semarang Sektor 20,Stasiun BMKG Semarang Sektor 20,24.98,30.37,34.32,62.09,74.98,93.88,-,5.30,27.46,-,966.03,1027.84,2390.48,184.76,64.56
411.,Magelang Sektor 21,Stasiun BMKG Magelang Sektor 21,,,,,,,-,,,-,,,,,
412., Sektor 16,Stasiun BMKG  Sektor 16,,,,,,,-,,,-,,,,,
413.,Banjarnegara Sektor 12,Stasiun BMKG Banjarnegara Sektor 12,18.30,22.40,28.60,64.84,83.13,90.48,-,,,-,,,2809.04,201.04,45.91
414.,Kebumen Sektor 7,Stasiun BMKG Kebumen Sektor 7,20.95,28.23,31.41,57.29,76.83,91.90,-,,,-,987.60,1093.58,4440.53,190.65,51.53
415.,Karanganyar Sektor 15,Stasiun BMKG Karanganyar Sektor 15,,,,,,,-,,,-,,,,,
416.,Temanggung Sektor 16,Stasiun BMKG Temanggung Sektor 16,,,,,,,-,,,-,,,,,
417.,Pekalongan Sektor 19,Stasiun BMKG Pekalongan Sektor 19,,,,,,,-,,,-,,,,,
418.,Temanggung Sektor 17,Stasiun BMKG Temanggung Sektor 17,,,,,,,-,,,-,,,,,
419.,Kudus Sektor 9,Stasiun BMKG Kudus Sektor 9,,23.54,,,,,-,,,-,,,3670.87,147.54,
420.,Pati Sektor 19,Stasiun BMKG Pati Sektor 19,,,,,,,-,,,-,,,,,
421.,Pekalongan Sektor 20,Stasiun BMKG Pekalongan Sektor 20,,,,,,,-,,,-,,,,,
422.,Surakarta Sektor 5,Stasiun BMKG Surakarta Sektor 5,,,,,,,-,,,-,,,,,
423.,Boyolali Sektor 10,Stasiun BMKG Boyolali Sektor 10,22.51,26.06,35.40,,,,-,,,-,,,1617.66,127.38,
424.,Kendal Sektor 16,Stasiun BMKG Kendal Sektor 16,,,,,,,-,,,-,,,,,
425.,Rembang Sektor 18,Stasiun BMKG Rembang Sektor 18,,,,,,,-,,,-,,,,,
426.,Sragen Sektor 11,Stasiun BMKG Sragen Sektor 11,,24.14,,,,,-,,,-,,,2660.88,144.09,
427.,Kudus Sektor 10,Stasiun BMKG Kudus Sektor 10,,23.74,,,,,-,,,-,,,3643.31,149.89,
428.,Banjarnegara Sektor 13,Stasiun BMKG Banjarnegara Sektor 13,19.28,22.44,31.96,65.28,91.69,103.54,-,,,-,,,3221.78,189.39,38.86
429.,Wonogiri Sektor 13,Stasiun BMKG Wonogiri Sektor 13,,,,,,,-,,,-,,,,,
430.,Semarang Sektor 21,Stasiun BMKG Semarang Sektor 21,21.69,27.08,30.12,68.59,27.60,34.45,-,,,-,,,2617.04,164.61,66.68
431.,Salatiga Sektor 14,Stasiun BMKG Salatiga Sektor 14,,,,,,,-,,,-,,,,,
432.,Salatiga Sektor 15,Stasiun BMKG Salatiga Sektor 15,,,,,,,-,,,-,,,,,
433., Sektor 17,Stasiun BMKG  Sektor 17,,,,,,,-,,,-,,,,,
434.,Grobogan Sektor 11,Stasiun BMKG Grobogan Sektor 11,,,,,,,-,,,-,,,,,
435.,Sukoharjo Sektor 5,Stasiun BMKG Sukoharjo Sektor 5,,,,,,,-,,,-,,,,,
436.,Batang Sektor 14,Stasiun BMKG Batang Sektor 14,,,,,,,-,,,-,,,,,
437.,Wonogiri Sektor 14,Stasiun BMKG Wonogiri Sektor 14,,,,,,,-,,,-,,,,,
438.,Kebumen Sektor 8,Stasiun BMKG Kebumen Sektor 8,19.36,26.38,36.62,67.75,80.63,98.99,-,,,-,943.00,925.81,4847.28,211.76,53.55
439.,Jepara Sektor 5,Stasiun BMKG Jepara Sektor 5,,,,,,,-,,,-,,,,,
440.,Wonosobo Sektor 10,Stasiun BMKG Wonosobo Sektor 10,22.83,27.47,34.85,58.71,85.91,91.29,-,,,-,,,3356.95,173.94,57.87
441.,Batang Sektor 15,Stasiun BMKG Batang Sektor 15,,,,,,,-,,,-,,,,,
442.,Banyumas Sektor 15,Stasiun BMKG Banyumas Sektor 15,,,,,,,-,,,-,,,,,
443.,Sukoharjo Sektor 6,Stasiun BMKG Sukoharjo Sektor 6,,,,,,,-,,,-,,,,,
444.,Grobogan Sektor 12,Stasiun BMKG Grobogan Sektor 12,,,,,,,-,,,-,,,,,
445.,Temanggung Sektor 18,Stasiun BMKG Temanggung Sektor 18,,,,,,,-,,,-,,,,,
446.,Surakarta Sektor 6,Stasiun BMKG Surakarta Sektor 6,,,,,,,-,,,-,,,,,
447.,Semarang Sektor 22,Stasiun BMKG Semarang Sektor 22,23.49,26.98,30.68,59.47,89.49,98.35,-,5.33,32.95,-,942.05,1049.36,2600.50,186.32,76.47
448.,Jepara Sektor 6,Stasiun BMKG Jepara Sektor 6,,,,,,,-,,,-,,,,,
449.,Rembang Sektor 19,Stasiun BMKG Rembang Sektor 19,,,,,,,-,,,-,,,,,
450.,Grobogan Sektor 13,Stasiun BMKG Grobogan Sektor 13,,,,,,,-,,,-,,,,,
451.,Jepara Sektor 7,Stasiun BMKG Jepara Sektor 7,,,,,,,-,,,-,,,,,
452.,Boyolali Sektor 11,Stasiun BMKG Boyolali Sektor 11,22.61,29.52,31.35,,,,-,,,-,,,1618.62,126.52,
453.,Magelang Sektor 22,Stasiun BMKG Magelang Sektor 22,,,,,,,-,,,-,,,,,
454.,Purworejo Sektor 10,Stasiun BMKG Purworejo Sektor 10,,,,,,,-,,,-,,,,,
455.,Semarang Sektor 23,Stasiun BMKG Semarang Sektor 23,18.96,27.13,33.77,62.96,23.50,33.94,-,,,-,,,3088.68,164.23,61.69
456.,Kudus Sektor 11,Stasiun BMKG Kudus Sektor 11,,25.54,,,,,-,,,-,,,3879.13,139.60,
457.,Semarang Sektor 24,Stasiun BMKG Semarang Sektor 24,24.81,30.00,33.47,62.62,84.43,96.85,-,4.69,29.78,-,958.66,1094.45,2430.18,185.38,70.16
458.,Pekalongan Sektor 21,Stasiun BMKG Pekalongan Sektor 21,,,,,,,-,,,-,,,,,
459.,Semarang Sektor 25,Stasiun BMKG Semarang Sektor 25,21.08,27.44,33.83,66.49,28.04,29.94,-,,,-,,,2740.09,151.95,68.60
460.,Pekalongan Sektor 22,Stasiun BMKG Pekalongan Sektor 22,,,,,,,-,,,-,,,,,
461.,Banyumas Sektor 16,Stasiun BMKG Banyumas Sektor 16,,,,,,,-,,,-,,,,,
462.,Temanggung Sektor 19,Stasiun BMKG Temanggung Sektor 19,,,,,,,-,,,-,,,,,
463.,Wonogiri Sektor 15,Stasiun BMKG Wonogiri Sektor 15,,,,,,,-,,,-,,,,,
464.,Tegal Sektor 14,Stasiun BMKG Tegal Sektor 14,21.58,29.14,33.92,54.76,77.77,86.48,-,8.24,31.77,-,1085.76,1034.08,"2 081,9",116.43,80.84
465.,Wonogiri Sektor 16,Stasiun BMKG Wonogiri Sektor 16,,,,,,,-,,,-,,,,,
466.,Jepara Sektor 8,Stasiun BMKG Jepara Sektor 8,,,,,,,-,,,-,,,,,
467.,Karanganyar Sektor 16,Stasiun BMKG Karanganyar Sektor 16,,,,,,,-,,,-,,,,,
468.,Blora Sektor 11,Stasiun BMKG Blora Sektor 11,,,,,,,-,,,-,,,,,
469., Sektor 18,Stasiun BMKG  Sektor 18,21.41,27.59,36.41,55.17,82.69,97.54,-,,,-,,,2067.48,158.87,
470.,Kendal Sektor 17,Stasiun BMKG Kendal Sektor 17,,,,,,,-,,,-,,,,,
471.,Rembang Sektor 20,Stasiun BMKG Rembang Sektor 20,,,,,,,-,,,-,,,,,
472.,Semarang Sektor 26,Stasiun BMKG Semarang Sektor 26,20.99,26.58,36.80,65.72,80.95,105.21,-,5.04,28.62,-,1050.88,1042.72,2758.72,162.01,72.10
473.,Kudus Sektor 12,Stasiun BMKG Kudus Sektor 12,,26.79,,,,,-,,,-,,,3417.02,136.70,
474.,Jepara Sektor 9,Stasiun BMKG Jepara Sektor 9,,,,,,,-,,,-,,,,,
475.,Sragen Sektor 12,Stasiun BMKG Sragen Sektor 12,,24.39,,,,,-,,,-,,,2722.47,140.57,
476.,Surakarta Sektor 7,Stasiun BMKG Surakarta Sektor 7,,,,,,,-,,,-,,,,,
477.,Rembang Sektor 21,Stasiun BMKG Rembang Sektor 21,,,,,,,-,,,-,,,,,
478., Sektor 19,Stasiun BMKG  Sektor 19,,,,,,,-,,,-,,,,,
479.,Grobogan Sektor 14,Stasiun BMKG Grobogan Sektor 14,,,,,,,-,,,-,,,,,
480.,Brebes Sektor 15,Stasiun BMKG Brebes Sektor 15,,,,,,,-,,,-,,,,,
481.,Semarang Sektor 27,Stasiun BMKG Semarang Sektor 27,20.93,27.48,33.82,59.92,74.77,97.02,-,4.88,32.83,-,941.15,981.12,2472.43,166.28,72.01
482.,Wonosobo Sektor 11,Stasiun BMKG Wonosobo Sektor 11,21.09,24.22,33.62,56.56,84.99,100.17,-,,,-,,,3691.65,177.30,57.76
483., Sektor 20,Stasiun BMKG  Sektor 20,,,,,,,-,,,-,,,,,
484.,Brebes Sektor 16,Stasiun BMKG Brebes Sektor 16,,,,,,,-,,,-,,,,,
485.,Kudus Sektor 13,Stasiun BMKG Kudus Sektor 13,,25.98,,,,,-,,,-,,,3997.53,147.63,
486.,Purbalingga Sektor 13,Stasiun BMKG Purbalingga Sektor 13,,,,,,,-,,,-,,,,,
487.,Semarang Sektor 28,Stasiun BMKG Semarang Sektor 28,23.75,29.48,32.85,54.92,81.78,95.88,-,5.17,28.89,-,1046.89,1085.69,2380.97,186.28,68.12
488.,Pekalongan Sektor 23,Stasiun BMKG Pekalongan Sektor 23,,,,,,,-,,,-,,,,,
489.,Semarang Sektor 29,Stasiun BMKG Semarang Sektor 29,24.94,29.28,30.86,59.59,78.69,96.41,-,4.96,30.49,-,981.07,942.74,2514.77,181.23,71.99
490.,Boyolali Sektor 12,Stasiun BMKG Boyolali Sektor 12,22.33,29.44,35.37,,,,-,,,-,,,1779.97,153.77,
491.,Semarang Sektor 30,Stasiun BMKG Semarang Sektor 30,21.40,26.43,35.71,67.08,26.12,29.58,-,,,-,,,2787.07,153.58,65.60
492.,Magelang Sektor 23,Stasiun BMKG Magelang Sektor 23,,,,,,,-,,,-,,,,,
493.,Pekalongan Sektor 24,Stasiun BMKG Pekalongan Sektor 24,,,,,,,-,,,-,,,,,
494.,Tegal Sektor 15,Stasiun BMKG Tegal Sektor 15,,,,,,,-,,,-,,,,,
495.,Sukoharjo Sektor 7,Stasiun BMKG Sukoharjo Sektor 7,,,,,,,-,,,-,,,,,
496.,Jepara Sektor 10,Stasiun BMKG Jepara Sektor 10,,,,,,,-,,,-,,,,,
497.,Temanggung Sektor 20,Stasiun BMKG Temanggung Sektor 20,,,,,,,-,,,-,,,,,
498.,Kudus Sektor 14,Stasiun BMKG Kudus Sektor 14,,24.62,,,,,-,,,-,,,3923.80,139.48,
499.,Wonosobo Sektor 12,Stasiun BMKG Wonosobo Sektor 12,22.60,24.40,36.24,59.87,87.96,97.16,-,,,-,,,3274.22,200.98,65.34
500.,Grobogan Sektor 15,Stasiun BMKG Grobogan Sektor 15,,,,,,,-,,,-,,,,,
501.,Banyumas Sektor 17,Stasiun BMKG Banyumas Sektor 17,,,,,,,-,,,-,,,,,
502.,Tegal Sektor 16,Stasiun BMKG Tegal Sektor 16,24.61,27.35,30.87,54.65,85.10,88.17,-,7.72,31.85,-,1026.05,941.40,"2 081,9",121.40,76.92
503.,Karanganyar Sektor 17,Stasiun BMKG Karanganyar Sektor 17,,,,,,,-,,,-,,,,,
504.,Magelang Sektor 24,Stasiun BMKG Magelang Sektor 24,,,,,,,-,,,-,,,,,
505.,Sragen Sektor 13,Stasiun BMKG Sragen Sektor 13,,25.60,,,,,-,,,-,,,2707.69,151.70,
506.,Klaten Sektor 10,Stasiun BMKG Klaten Sektor 10,,,,,,,-,,,-,,,,,
507.,Batang Sektor 16,Stasiun BMKG Batang Sektor 16,,,,,,,-,,,-,,,,,
508.,Wonosobo Sektor 13,Stasiun BMKG Wonosobo Sektor 13,23.08,26.77,37.01,53.40,81.52,104.73,-,,,-,,,3733.13,194.98,66.99
509.,Wonosobo Sektor 14,Stasiun BMKG Wonosobo Sektor 14,23.14,26.20,36.33,53.82,75.91,105.39,-,,,-,,,3386.05,199.01,59.74
510.,Kendal Sektor 18,Stasiun BMKG Kendal Sektor 18,,,,,,,-,,,-,,,,,
511.,Pekalongan Sektor 25,Stasiun BMKG Pekalongan Sektor 25,,,,,,,-,,,-,,,,,
512.,Surakarta Sektor 8,Stasiun BMKG Surakarta Sektor 8,,,,,,,-,,,-,,,,,
513.,Cilacap Sektor 7,Stasiun BMKG Cilacap Sektor 7,23.01,25.83,30.66,62.21,76.87,102.29,-,5.91,42.81,-,927.75,980.53,4092.18,229.38,73.24
514.,Jepara Sektor 11,Stasiun BMKG Jepara Sektor 11,,,,,,,-,,,-,,,,,
515.,Boyolali Sektor 13,Stasiun BMKG Boyolali Sektor 13,19.91,24.58,33.46,,,,-,,,-,,,1896.72,142.02,
516.,Boyolali Sektor 14,Stasiun BMKG Boyolali Sektor 14,20.02,29.32,34.72,,,,-,,,-,,,1657.85,138.04,
517.,Brebes Sektor 17,Stasiun BMKG Brebes Sektor 17,,,,,,,-,,,-,,,,,
518.,Salatiga Sektor 16,Stasiun BMKG Salatiga Sektor 16,,,,,,,-,,,-,,,,,
519.,Karanganyar Sektor 18,Stasiun BMKG Karanganyar Sektor 18,,,,,,,-,,,-,,,,,
520.,Magelang Sektor 25,Stasiun BMKG Magelang Sektor 25,,,,,,,-,,,-,,,,,
521.,Klaten Sektor 11,Stasiun BMKG Klaten Sektor 11,,,,,,,-,,,-,,,,,
522.,Kebumen Sektor 9,Stasiun BMKG Kebumen Sektor 9,20.06,26.53,34.98,57.60,80.35,106.46,-,,,-,1086.87,1062.49,4048.48,192.11,52.20
523., Sektor 21,Stasiun BMKG  Sektor 21,,,,,,,-,,,-,,,,,
524.,Temanggung Sektor 21,Stasiun BMKG Temanggung Sektor 21,,,,,,,-,,,-,,,,,
525.,Surakarta Sektor 9,Stasiun BMKG Surakarta Sektor 9,,,,,,,-,,,-,,,,,
526.,Rembang Sektor 22,Stasiun BMKG Rembang Sektor 22,,,,,,,-,,,-,,,,,
527., Sektor 22,Stasiun BMKG  Sektor 22,,,,,,,-,,,-,,,,,
528.,Rembang Sektor 23,Stasiun BMKG Rembang Sektor 23,,,,,,,-,,,-,,,,,
529., Sektor 23,Stasiun BMKG  Sektor 23,,,,,,,-,,,-,,,,,
530.,Boyolali Sektor 15,Stasiun BMKG Boyolali Sektor 15,20.88,29.00,36.28,,,,-,,,-,,,1838.49,127.32,
531.,Surakarta Sektor 10,Stasiun BMKG Surakarta Sektor 10,,,,,,,-,,,-,,,,,
532.,Jepara Sektor 12,Stasiun BMKG Jepara Sektor 12,,,,,,,-,,,-,,,,,
533.,Sragen Sektor 14,Stasiun BMKG Sragen Sektor 14,,25.53,,,,,-,,,-,,,2363.49,156.20,
534.,Semarang Sektor 31,Stasiun BMKG Semarang Sektor 31,23.79,26.37,36.48,58.85,82.26,100.99,-,5.32,28.42,-,1042.59,988.77,2446.91,176.46,68.13
535.,Grobogan Sektor 16,Stasiun BMKG Grobogan Sektor 16,,,,,,,-,,,-,,,,,
536.,Tegal Sektor 17,Stasiun BMKG Tegal Sektor 17,,,,,,,-,,,-,,,,,
537.,Klaten Sektor 12,Stasiun BMKG Klaten Sektor 12,,,,,,,-,,,-,,,,,
538.,Boyolali Sektor 16,Stasiun BMKG Boyolali Sektor 16,21.66,25.22,35.85,,,,-,,,-,,,1687.07,151.19,
539.,Batang Sektor 17,Stasiun BMKG Batang Sektor 17,,,,,,,-,,,-,,,,,
540.,Tegal Sektor 18,Stasiun BMKG Tegal Sektor 18,23.53,28.93,30.63,53.60,79.85,89.46,-,7.34,31.22,-,1096.03,1049.48,"2 081,9",115.68,71.88
541.,Brebes Sektor 18,Stasiun BMKG Brebes Sektor 18,,,,,,,-,,,-,,,,,
542.,Klaten Sektor 13,Stasiun BMKG Klaten Sektor 13,,,,,,,-,,,-,,,,,
543.,Tegal Sektor 19,Stasiun BMKG Tegal Sektor 19,,,,,,,-,,,-,,,,,
544.,Pekalongan Sektor 26,Stasiun BMKG Pekalongan Sektor 26,,,,,,,-,,,-,,,,,
545.,Semarang Sektor 32,Stasiun BMKG Semarang Sektor 32,22.94,27.27,35.36,57.45,86.94,88.66,-,5.36,30.00,-,997.58,1033.04,2575.32,157.49,73.27
546.,Kendal Sektor 19,Stasiun BMKG Kendal Sektor 19,,,,,,,-,,,-,,,,,
547.,Banjarnegara Sektor 14,Stasiun BMKG Banjarnegara Sektor 14,19.52,22.63,31.66,61.91,77.43,100.79,-,,,-,,,3270.33,226.61,41.09
548.,Pekalongan Sektor 27,Stasiun BMKG Pekalongan Sektor 27,,,,,,,-,,,-,,,,,
549.,Purworejo Sektor 11,Stasiun BMKG Purworejo Sektor 11,,,,,,,-,,,-,,,,,
550.,Kendal Sektor 20,Stasiun BMKG Kendal Sektor 20,,,,,,,-,,,-,,,,,
551.,Sragen Sektor 15,Stasiun BMKG Sragen Sektor 15,,27.94,,,,,-,,,-,,,2731.30,163.51,
552.,Semarang Sektor 33,Stasiun BMKG Semarang Sektor 33,18.50,24.40,31.96,64.80,25.25,31.53,-,,,-,,,3099.13,164.53,56.54
553.,Klaten Sektor 14,Stasiun BMKG Klaten Sektor 14,,,,,,,-,,,-,,,,,
554.,Magelang Sektor 26,Stasiun BMKG Magelang Sektor 26,,,,,,,-,,,-,,,,,
555.,Banyumas Sektor 18,Stasiun BMKG Banyumas Sektor 18,,,,,,,-,,,-,,,,,
556.,Grobogan Sektor 17,Stasiun BMKG Grobogan Sektor 17,,,,,,,-,,,-,,,,,
557.,Tegal Sektor 20,Stasiun BMKG Tegal Sektor 20,,,,,,,-,,,-,,,,,
558.,Demak Sektor 11,Stasiun BMKG Demak Sektor 11,,,,,,,-,,,-,,,,,
559., Sektor 24,Stasiun BMKG  Sektor 24,,,,,,,-,,,-,,,,,
560.,Pekalongan Sektor 28,Stasiun BMKG Pekalongan Sektor 28,,,,,,,-,,,-,,,,,
561.,Boyolali Sektor 17,Stasiun BMKG Boyolali Sektor 17,22.09,25.06,33.33,,,,-,,,-,,,1661.42,153.64,
562.,Temanggung Sektor 22,Stasiun BMKG Temanggung Sektor 22,,,,,,,-,,,-,,,,,
563.,Blora Sektor 12,Stasiun BMKG Blora Sektor 12,,,,,,,-,,,-,,,,,
564.,Kendal Sektor 21,Stasiun BMKG Kendal Sektor 21,,,,,,,-,,,-,,,,,
565.,Klaten Sektor 15,Stasiun BMKG Klaten Sektor 15,,,,,,,-,,,-,,,,,
566.,Cilacap Sektor 8,Stasiun BMKG Cilacap Sektor 8,21.60,28.09,30.97,61.45,84.96,91.32,-,6.18,38.78,-,1018.06,1000.76,4251.04,214.37,74.12
567.,Purbalingga Sektor 14,Stasiun BMKG Purbalingga Sektor 14,,,,,,,-,,,-,,,,,
568.,Salatiga Sektor 17,Stasiun BMKG Salatiga Sektor 17,,,,,,,-,,,-,,,,,
569.,Semarang Sektor 34,Stasiun BMKG Semarang Sektor 34,20.48,27.88,29.94,59.44,27.82,30.82,-,,,-,,,2931.72,161.37,66.66
570.,Salatiga Sektor 18,Stasiun BMKG Salatiga Sektor 18,,,,,,,-,,,-,,,,,
571.,Pekalongan Sektor 29,Stasiun BMKG Pekalongan Sektor 29,,,,,,,-,,,-,,,,,
572.,Semarang Sektor 35,Stasiun BMKG Semarang Sektor 35,24.40,30.17,32.40,64.50,87.51,95.41,-,5.25,32.77,-,1001.71,957.73,2734.95,173.53,64.20
573.,Pati Sektor 20,Stasiun BMKG Pati Sektor 20,,,,,,,-,,,-,,,,,
574.,Surakarta Sektor 11,Stasiun BMKG Surakarta Sektor 11,,,,,,,-,,,-,,,,,
575.,Salatiga Sektor 19,Stasiun BMKG Salatiga Sektor 19,,,,,,,-,,,-,,,,,
576.,Rembang Sektor 24,Stasiun BMKG Rembang Sektor 24,,,,,,,-,,,-,,,,,
577.,Magelang Sektor 27,Stasiun BMKG Magelang Sektor 27,,,,,,,-,,,-,,,,,
578.,Wonosobo Sektor 15,Stasiun BMKG Wonosobo Sektor 15,22.57,24.61,35.87,54.29,86.01,94.53,-,,,-,,,3213.80,184.47,57.66
579.,Pemalang Sektor 14,Stasiun BMKG Pemalang Sektor 14,,,,,,,-,,,-,,,,,
580.,Blora Sektor 13,Stasiun BMKG Blora Sektor 13,,,,,,,-,,,-,,,,,
581.,Karanganyar Sektor 19,Stasiun BMKG Karanganyar Sektor 19,,,,,,,-,,,-,,,,,
582.,Purworejo Sektor 12,Stasiun BMKG Purworejo Sektor 12,,,,,,,-,,,-,,,,,
583.,Magelang Sektor 28,Stasiun BMKG Magelang Sektor 28,,,,,,,-,,,-,,,,,
584.,Cilacap Sektor 9,Stasiun BMKG Cilacap Sektor 9,21.44,24.75,32.39,61.30,88.97,92.93,-,5.41,41.83,-,912.83,930.80,4303.48,207.36,65.96
585.,Klaten Sektor 16,Stasiun BMKG Klaten Sektor 16,,,,,,,-,,,-,,,,,
586.,Sukoharjo Sektor 8,Stasiun BMKG Sukoharjo Sektor 8,,,,,,,-,,,-,,,,,
587.,Magelang Sektor 29,Stasiun BMKG Magelang Sektor 29,,,,,,,-,,,-,,,,,
588.,Wonogiri Sektor 17,Stasiun BMKG Wonogiri Sektor 17,,,,,,,-,,,-,,,,,
589.,Wonosobo Sektor 16,Stasiun BMKG Wonosobo Sektor 16,21.11,28.43,37.03,56.20,82.26,87.90,-,,,-,,,3721.33,169.69,68.06
590.,Temanggung Sektor 23,Stasiun BMKG Temanggung Sektor 23,,,,,,,-,,,-,,,,,
591.,Temanggung Sektor 24,Stasiun BMKG Temanggung Sektor 24,,,,,,,-,,,-,,,,,
592.,Pati Sektor 21,Stasiun BMKG Pati Sektor 21,,,,,,,-,,,-,,,,,
593.,Pekalongan Sektor 30,Stasiun BMKG Pekalongan Sektor 30,,,,,,,-,,,-,,,,,
594.,Semarang Sektor 36,Stasiun BMKG Semarang Sektor 36,21.87,24.02,33.65,61.75,27.75,32.78,-,,,-,,,2629.11,162.27,61.35
595.,Magelang Sektor 30,Stasiun BMKG Magelang Sektor 30,,,,,,,-,,,-,,,,,
596.,Wonosobo Sektor 17,Stasiun BMKG Wonosobo Sektor 17,23.49,24.68,36.51,52.75,81.24,93.44,-,,,-,,,3389.93,174.86,62.54
597.,Pekalongan Sektor 31,Stasiun BMKG Pekalongan Sektor 31,,,,,,,-,,,-,,,,,
598.,Cilacap Sektor 10,Stasiun BMKG Cilacap Sektor 10,24.14,25.23,29.53,57.95,86.48,100.07,-,5.61,38.47,-,1099.72,964.99,4773.04,225.27,72.76
599.,Salatiga Sektor 20,Stasiun BMKG Salatiga Sektor 20,,,,,,,-,,,-,,,,,
600.,Klaten Sektor 17,Stasiun BMKG Klaten Sektor 17,,,,,,,-,,,-,,,,,
601.,Purbalingga Sektor 15,Stasiun BMKG Purbalingga Sektor 15,,,,,,,-,,,-,,,,,
602.,Brebes Sektor 19,Stasiun BMKG Brebes Sektor 19,,,,,,,-,,,-,,,,,
603.,Boyolali Sektor 18,Stasiun BMKG Boyolali Sektor 18,22.97,29.15,34.85,,,,-,,,-,,,1680.48,133.67,
604.,Banyumas Sektor 19,Stasiun BMKG Banyumas Sektor 19,,,,,,,-,,,-,,,,,
605.,Temanggung Sektor 25,Stasiun BMKG Temanggung Sektor 25,,,,,,,-,,,-,,,,,
606.,Banyumas Sektor 20,Stasiun BMKG Banyumas Sektor 20,,,,,,,-,,,-,,,,,
607.,Magelang Sektor 31,Stasiun BMKG Magelang Sektor 31,,,,,,,-,,,-,,,,,
608.,Rembang Sektor 25,Stasiun BMKG Rembang Sektor 25,,,,,,,-,,,-,,,,,
609.,Surakarta Sektor 12,Stasiun BMKG Surakarta Sektor 12,,,,,,,-,,,-,,,,,
610.,Demak Sektor 12,Stasiun BMKG Demak Sektor 12,,,,,,,-,,,-,,,,,
611.,Temanggung Sektor 26,Stasiun BMKG Temanggung Sektor 26,,,,,,,-,,,-,,,,,
612.,Salatiga Sektor 21,Stasiun BMKG Salatiga Sektor 21,,,,,,,-,,,-,,,,,
613.,Cilacap Sektor 11,Stasiun BMKG Cilacap Sektor 11,21.55,28.86,28.92,58.80,81.16,100.61,-,5.78,44.75,-,1029.89,1073.07,4894.30,217.52,75.69
614.,Banjarnegara Sektor 15,Stasiun BMKG Banjarnegara Sektor 15,17.80,23.70,32.56,61.88,80.05,88.43,-,,,-,,,3132.52,214.03,41.14
615.,Kebumen Sektor 10,Stasiun BMKG Kebumen Sektor 10,21.26,26.18,33.63,66.57,92.87,90.68,-,,,-,988.85,1002.07,4368.20,193.55,46.34
616.,Kudus Sektor 15,Stasiun BMKG Kudus Sektor 15,,22.69,,,,,-,,,-,,,3907.05,136.17,
617.,Kudus Sektor 16,Stasiun BMKG Kudus Sektor 16,,23.56,,,,,-,,,-,,,3530.37,149.32,
618.,Karanganyar Sektor 20,Stasiun BMKG Karanganyar Sektor 20,,,,,,,-,,,-,,,,,
619.,Semarang Sektor 37,Stasiun BMKG Semarang Sektor 37,21.70,24.40,30.07,70.17,25.22,33.04,-,,,-,,,2756.33,148.03,63.62
620.,Purworejo Sektor 13,Stasiun BMKG Purworejo Sektor 13,,,,,,,-,,,-,,,,,
621.,Kendal Sektor 22,Stasiun BMKG Kendal Sektor 22,,,,,,,-,,,-,,,,,
622.,Salatiga Sektor 22,Stasiun BMKG Salatiga Sektor 22,,,,,,,-,,,-,,,,,
623.,Klaten Sektor 18,Stasiun BMKG Klaten Sektor 18,,,,,,,-,,,-,,,,,
624.,Magelang Sektor 32,Stasiun BMKG Magelang Sektor 32,,,,,,,-,,,-,,,,,
625.,Karanganyar Sektor 21,Stasiun BMKG Karanganyar Sektor 21,,,,,,,-,,,-,,,,,
626.,Boyolali Sektor 19,Stasiun BMKG Boyolali Sektor 19,23.26,29.73,36.71,,,,-,,,-,,,1734.86,128.20,
627.,Pemalang Sektor 15,Stasiun BMKG Pemalang Sektor 15,,,,,,,-,,,-,,,,,
628.,Purworejo Sektor 14,Stasiun BMKG Purworejo Sektor 14,,,,,,,-,,,-,,,,,
629.,Blora Sektor 14,Stasiun BMKG Blora Sektor 14,,,,,,,-,,,-,,,,,
630.,Wonogiri Sektor 18,Stasiun BMKG Wonogiri Sektor 18,,,,,,,-,,,-,,,,,
631.,Tegal Sektor 21,Stasiun BMKG Tegal Sektor 21,23.60,26.19,32.82,50.17,79.36,84.94,-,8.53,34.42,-,1045.02,1052.27,"2 081,9",119.79,73.56
632.,Wonosobo Sektor 18,Stasiun BMKG Wonosobo Sektor 18,23.33,28.66,33.31,59.72,88.82,95.52,-,,,-,,,3159.09,169.26,62.79
633.,Banjarnegara Sektor 16,Stasiun BMKG Banjarnegara Sektor 16,18.44,21.84,27.60,59.06,77.19,105.00,-,,,-,,,2894.80,192.62,39.66
634.,Sukoharjo Sektor 9,Stasiun BMKG Sukoharjo Sektor 9,,,,,,,-,,,-,,,,,
635.,Tegal Sektor 22,Stasiun BMKG Tegal Sektor 22,25.54,29.44,31.85,55.57,73.38,97.52,-,8.30,35.76,-,1017.11,1039.26,"2 081,9",136.33,68.10
636.,Pemalang Sektor 16,Stasiun BMKG Pemalang Sektor 16,,,,,,,-,,,-,,,,,
637.,Brebes Sektor 20,Stasiun BMKG Brebes Sektor 20,,,,,,,-,,,-,,,,,
638.,Rembang Sektor 26,Stasiun BMKG Rembang Sektor 26,,,,,,,-,,,-,,,,,
639.,Klaten Sektor 19,Stasiun BMKG Klaten Sektor 19,,,,,,,-,,,-,,,,,
640.,Demak Sektor 13,Stasiun BMKG Demak Sektor 13,,,,,,,-,,,-,,,,,
641.,Banjarnegara Sektor 17,Stasiun BMKG Banjarnegara Sektor 17,20.41,24.98,31.69,56.83,89.61,97.52,-,,,-,,,2910.87,221.14,44.75
642.,Temanggung Sektor 27,Stasiun BMKG Temanggung Sektor 27,,,,,,,-,,,-,,,,,
643.,Brebes Sektor 21,Stasiun BMKG Brebes Sektor 21,,,,,,,-,,,-,,,,,
644.,Tegal Sektor 23,Stasiun BMKG Tegal Sektor 23,22.72,25.89,30.64,55.17,72.35,98.13,-,8.48,34.26,-,972.04,939.41,"2 081,9",130.92,75.50
645.,Sukoharjo Sektor 10,Stasiun BMKG Sukoharjo Sektor 10,,,,,,,-,,,-,,,,,
646.,Klaten Sektor 20,Stasiun BMKG Klaten Sektor 20,,,,,,,-,,,-,,,,,
647.,Cilacap Sektor 12,Stasiun BMKG Cilacap Sektor 12,25.14,27.53,35.06,62.66,84.94,104.58,-,6.01,45.25,-,982.03,988.90,4385.01,211.96,69.74
648.,Semarang Sektor 38,Stasiun BMKG Semarang Sektor 38,21.54,26.35,36.37,59.20,81.54,87.99,-,5.00,30.33,-,1021.89,1052.45,2350.81,161.58,74.03
649.,Tegal Sektor 24,Stasiun BMKG Tegal Sektor 24,22.07,28.70,32.79,52.89,75.12,85.32,-,7.56,31.88,-,995.95,1043.21,"2 081,9",119.10,66.78
650.,Klaten Sektor 21,Stasiun BMKG Klaten Sektor 21,,,,,,,-,,,-,,,,,
651.,Karanganyar Sektor 22,Stasiun BMKG Karanganyar Sektor 22,,,,,,,-,,,-,,,,,
652.,Tegal Sektor 25,Stasiun BMKG Tegal Sektor 25,,,,,,,-,,,-,,,,,
653.,Sukoharjo Sektor 11,Stasiun BMKG Sukoharjo Sektor 11,,,,,,,-,,,-,,,,,
654.,Temanggung Sektor 28,Stasiun BMKG Temanggung Sektor 28,,,,,,,-,,,-,,,,,
655.,Rembang Sektor 27,Stasiun BMKG Rembang Sektor 27,,,,,,,-,,,-,,,,,
656.,Pekalongan Sektor 32,Stasiun BMKG Pekalongan Sektor 32,,,,,,,-,,,-,,,,,
657.,Pekalongan Sektor 33,Stasiun BMKG Pekalongan Sektor 33,,,,,,,-,,,-,,,,,
658.,Pekalongan Sektor 34,Stasiun BMKG Pekalongan Sektor 34,,,,,,,-,,,-,,,,,
659.,Purworejo Sektor 15,Stasiun BMKG Purworejo Sektor 15,,,,,,,-,,,-,,,,,
660.,Sragen Sektor 16,Stasiun BMKG Sragen Sektor 16,,24.39,,,,,-,,,-,,,2508.50,147.54,
661.,Purworejo Sektor 16,Stasiun BMKG Purworejo Sektor 16,,,,,,,-,,,-,,,,,
662.,Karanganyar Sektor 23,Stasiun BMKG Karanganyar Sektor 23,,,,,,,-,,,-,,,,,
663.,Rembang Sektor 28,Stasiun BMKG Rembang Sektor 28,,,,,,,-,,,-,,,,,
664.,Sukoharjo Sektor 12,Stasiun BMKG Sukoharjo Sektor 12,,,,,,,-,,,-,,,,,
665.,Magelang Sektor 33,Stasiun BMKG Magelang Sektor 33,,,,,,,-,,,-,,,,,
666.,Banjarnegara Sektor 18,Stasiun BMKG Banjarnegara Sektor 18,18.87,21.88,28.99,61.79,89.82,99.29,-,,,-,,,2776.17,193.35,41.59
667.,Sragen Sektor 17,Stasiun BMKG Sragen Sektor 17,,26.31,,,,,-,,,-,,,2664.00,136.08,
668.,Sragen Sektor 18,Stasiun BMKG Sragen Sektor 18,,25.72,,,,,-,,,-,,,2455.78,149.86,
669.,Pekalongan Sektor 35,Stasiun BMKG Pekalongan Sektor 35,,,,,,,-,,,-,,,,,
670.,Banjarnegara Sektor 19,Stasiun BMKG Banjarnegara Sektor 19,19.62,22.68,29.36,62.01,86.58,97.76,-,,,-,,,2946.17,198.24,39.40
671.,Semarang Sektor 39,Stasiun BMKG Semarang Sektor 39,20.55,24.71,30.76,62.93,25.88,31.37,-,,,-,,,2844.47,149.29,68.47
672.,Karanganyar Sektor 24,Stasiun BMKG Karanganyar Sektor 24,,,,,,,-,,,-,,,,,
673.,Salatiga Sektor 23,Stasiun BMKG Salatiga Sektor 23,,,,,,,-,,,-,,,,,
674.,Tegal Sektor 26,Stasiun BMKG Tegal Sektor 26,21.34,28.22,33.17,52.80,81.16,95.49,-,8.78,31.54,-,996.30,996.00,"2 081,9",122.93,76.42
675.,Pekalongan Sektor 36,Stasiun BMKG Pekalongan Sektor 36,,,,,,,-,,,-,,,,,
676.,Temanggung Sektor 29,Stasiun BMKG Temanggung Sektor 29,,,,,,,-,,,-,,,,,
677.,Rembang Sektor 29,Stasiun BMKG Rembang Sektor 29,,,,,,,-,,,-,,,,,
678.,Pekalongan Sektor 37,Stasiun BMKG Pekalongan Sektor 37,,,,,,,-,,,-,,,,,
679.,Demak Sektor 14,Stasiun BMKG Demak Sektor 14,,,,,,,-,,,-,,,,,
680.,Banyumas Sektor 21,Stasiun BMKG Banyumas Sektor 21,,,,,,,-,,,-,,,,,
681.,Kudus Sektor 17,Stasiun BMKG Kudus Sektor 17,,27.09,,,,,-,,,-,,,3457.05,143.00,
682.,Temanggung Sektor 30,Stasiun BMKG Temanggung Sektor 30,,,,,,,-,,,-,,,,,
683.,Demak Sektor 15,Stasiun BMKG Demak Sektor 15,,,,,,,-,,,-,,,,,
684.,Sukoharjo Sektor 13,Stasiun BMKG Sukoharjo Sektor 13,,,,,,,-,,,-,,,,,
685.,Magelang Sektor 34,Stasiun BMKG Magelang Sektor 34,,,,,,,-,,,-,,,,,
686.,Purbalingga Sektor 16,Stasiun BMKG Purbalingga Sektor 16,,,,,,,-,,,-,,,,,
687.,Klaten Sektor 22,Stasiun BMKG Klaten Sektor 22,,,,,,,-,,,-,,,,,
688.,Purbalingga Sektor 17,Stasiun BMKG Purbalingga Sektor 17,,,,,,,-,,,-,,,,,
689.,Kendal Sektor 23,Stasiun BMKG Kendal Sektor 23,,,,,,,-,,,-,,,,,
690.,Wonogiri Sektor 19,Stasiun BMKG Wonogiri Sektor 19,,,,,,,-,,,-,,,,,
691.,Karanganyar Sektor 25,Stasiun BMKG Karanganyar Sektor 25,,,,,,,-,,,-,,,,,
692.,Brebes Sektor 22,Stasiun BMKG Brebes Sektor 22,,,,,,,-,,,-,,,,,
693.,Blora Sektor 15,Stasiun BMKG Blora Sektor 15,,,,,,,-,,,-,,,,,
694.,Banjarnegara Sektor 20,Stasiun BMKG Banjarnegara Sektor 20,20.75,23.74,28.14,61.55,84.42,96.43,-,,,-,,,3049.17,226.67,45.59
695.,Purworejo Sektor 17,Stasiun BMKG Purworejo Sektor 17,,,,,,,-,,,-,,,,,
696.,Rembang Sektor 30,Stasiun BMKG Rembang Sektor 30,,,,,,,-,,,-,,,,,
697.,Pati Sektor 22,Stasiun BMKG Pati Sektor 22,,,,,,,-,,,-,,,,,
698.,Salatiga Sektor 24,Stasiun BMKG Salatiga Sektor 24,,,,,,,-,,,-,,,,,
699.,Purbalingga Sektor 18,Stasiun BMKG Purbalingga Sektor 18,,,,,,,-,,,-,,,,,
700.,Boyolali Sektor 20,Stasiun BMKG Boyolali Sektor 20,23.03,28.89,34.35,,,,-,,,-,,,1876.79,131.37,
701.,Karanganyar Sektor 26,Stasiun BMKG Karanganyar Sektor 26,,,,,,,-,,,-,,,,,
702.,Wonosobo Sektor 19,Stasiun BMKG Wonosobo Sektor 19,19.66,26.59,34.22,50.65,86.10,93.00,-,,,-,,,3500.43,180.51,58.34
703.,Semarang Sektor 40,Stasiun BMKG Semarang Sektor 40,21.82,28.46,33.92,65.09,83.81,98.61,-,4.90,32.69,-,1065.99,967.23,2685.89,167.70,74.28
704.,Pati Sektor 23,Stasiun BMKG Pati Sektor 23,,,,,,,-,,,-,,,,,
705.,Sragen Sektor 19,Stasiun BMKG Sragen Sektor 19,,25.54,,,,,-,,,-,,,2332.91,156.23,
706.,Magelang Sektor 35,Stasiun BMKG Magelang Sektor 35,,,,,,,-,,,-,,,,,
707.,Kebumen Sektor 11,Stasiun BMKG Kebumen Sektor 11,18.79,24.72,32.87,64.44,90.17,105.83,-,,,-,1029.67,906.44,4198.00,183.07,49.51
708.,Jepara Sektor 13,Stasiun BMKG Jepara Sektor 13,,,,,,,-,,,-,,,,,
709.,Wonogiri Sektor 20,Stasiun BMKG Wonogiri Sektor 20,,,,,,,-,,,-,,,,,
710.,Sukoharjo Sektor 14,Stasiun BMKG Sukoharjo Sektor 14,,,,,,,-,,,-,,,,,
711.,Tegal Sektor 27,Stasiun BMKG Tegal Sektor 27,,,,,,,-,,,-,,,,,
712.,Purbalingga Sektor 19,Stasiun BMKG Purbalingga Sektor 19,,,,,,,-,,,-,,,,,
713.,Cilacap Sektor 13,Stasiun BMKG Cilacap Sektor 13,24.19,27.49,31.23,57.12,86.03,103.51,-,6.00,44.73,-,990.92,932.91,4067.04,191.16,67.35
714.,Semarang Sektor 41,Stasiun BMKG Semarang Sektor 41,19.82,25.25,34.60,65.13,24.06,34.26,-,,,-,,,2777.51,152.41,60.94
715.,Demak Sektor 16,Stasiun BMKG Demak Sektor 16,,,,,,,-,,,-,,,,,
716.,Magelang Sektor 36,Stasiun BMKG Magelang Sektor 36,,,,,,,-,,,-,,,,,
717.,Karanganyar Sektor 27,Stasiun BMKG Karanganyar Sektor 27,,,,,,,-,,,-,,,,,
718.,Klaten Sektor 23,Stasiun BMKG Klaten Sektor 23,,,,,,,-,,,-,,,,,
719.,Pekalongan Sektor 38,Stasiun BMKG Pekalongan Sektor 38,,,,,,,-,,,-,,,,,
720.,Purbalingga Sektor 20,Stasiun BMKG Purbalingga Sektor 20,,,,,,,-,,,-,,,,,
721.,Kudus Sektor 18,Stasiun BMKG Kudus Sektor 18,,22.78,,,,,-,,,-,,,3940.63,128.39,
722.,Purbalingga Sektor 21,Stasiun BMKG Purbalingga Sektor 21,,,,,,,-,,,-,,,,,
723.,Banjarnegara Sektor 21,Stasiun BMKG Banjarnegara Sektor 21,18.92,24.47,27.94,65.82,79.55,90.46,-,,,-,,,2998.39,207.95,39.80
724.,Wonosobo Sektor 20,Stasiun BMKG Wonosobo Sektor 20,20.17,24.86,36.00,55.66,87.70,101.78,-,,,-,,,3531.37,195.01,56.48
725.,Purbalingga Sektor 22,Stasiun BMKG Purbalingga Sektor 22,,,,,,,-,,,-,,,,,
726.,Banjarnegara Sektor 22,Stasiun BMKG Banjarnegara Sektor 22,20.11,25.32,28.94,65.34,75.99,100.59,-,,,-,,,2869.78,207.04,44.92
727.,Semarang Sektor 42,Stasiun BMKG Semarang Sektor 42,18.39,23.90,33.74,66.91,23.57,29.44,-,,,-,,,2597.11,168.42,63.56
728.,Surakarta Sektor 13,Stasiun BMKG Surakarta Sektor 13,,,,,,,-,,,-,,,,,
729.,Sragen Sektor 20,Stasiun BMKG Sragen Sektor 20,,28.29,,,,,-,,,-,,,2686.14,136.57,
730.,Pekalongan Sektor 39,Stasiun BMKG Pekalongan Sektor 39,,,,,,,-,,,-,,,,,
731.,Banyumas Sektor 22,Stasiun BMKG Banyumas Sektor 22,,,,,,,-,,,-,,,,,
732.,Wonogiri Sektor 21,Stasiun BMKG Wonogiri Sektor 21,,,,,,,-,,,-,,,,,
733.,Demak Sektor 17,Stasiun BMKG Demak Sektor 17,,,,,,,-,,,-,,,,,
734.,Sragen Sektor 21,Stasiun BMKG Sragen Sektor 21,,27.77,,,,,-,,,-,,,2670.59,153.25,
735.,Semarang Sektor 43,Stasiun BMKG Semarang Sektor 43,21.08,27.19,30.09,67.83,26.94,34.86,-,,,-,,,2575.99,144.74,60.91
736.,Wonogiri Sektor 22,Stasiun BMKG Wonogiri Sektor 22,,,,,,,-,,,-,,,,,
737.,Semarang Sektor 44,Stasiun BMKG Semarang Sektor 44,25.19,30.20,36.46,63.88,76.41,91.71,-,4.50,28.82,-,930.94,1005.10,2601.92,182.73,73.17
738.,Rembang Sektor 31,Stasiun BMKG Rembang Sektor 31,,,,,,,-,,,-,,,,,
739.,Pekalongan Sektor 40,Stasiun BMKG Pekalongan Sektor 40,,,,,,,-,,,-,,,,,
740.,Tegal Sektor 28,Stasiun BMKG Tegal Sektor 28,23.08,27.50,34.69,48.09,79.24,96.07,-,7.90,37.08,-,1032.37,954.57,"2 081,9",124.48,76.60
741.,Pekalongan Sektor 41,Stasiun BMKG Pekalongan Sektor 41,,,,,,,-,,,-,,,,,
742.,Sragen Sektor 22,Stasiun BMKG Sragen Sektor 22,,26.96,,,,,-,,,-,,,2508.57,152.82,
743.,Demak Sektor 18,Stasiun BMKG Demak Sektor 18,,,,,,,-,,,-,,,,,
744.,Semarang Sektor 45,Stasiun BMKG Semarang Sektor 45,18.75,24.57,33.08,68.43,26.62,30.95,-,,,-,,,2552.93,168.23,68.57
745.,Blora Sektor 16,Stasiun BMKG Blora Sektor 16,,,,,,,-,,,-,,,,,
746.,Magelang Sektor 37,Stasiun BMKG Magelang Sektor 37,,,,,,,-,,,-,,,,,
747.,Semarang Sektor 46,Stasiun BMKG Semarang Sektor 46,18.62,26.78,31.47,63.02,25.93,35.83,-,,,-,,,3100.00,157.32,59.57
748.,Rembang Sektor 32,Stasiun BMKG Rembang Sektor 32,,,,,,,-,,,-,,,,,
749.,Kudus Sektor 19,Stasiun BMKG Kudus Sektor 19,,25.61,,,,,-,,,-,,,3286.17,152.26,
750.,Banyumas Sektor 23,Stasiun BMKG Banyumas Sektor 23,,,,,,,-,,,-,,,,,
751.,Magelang Sektor 38,Stasiun BMKG Magelang Sektor 38,,,,,,,-,,,-,,,,,
752.,Demak Sektor 19,Stasiun BMKG Demak Sektor 19,,,,,,,-,,,-,,,,,
753.,Brebes Sektor 23,Stasiun BMKG Brebes Sektor 23,,,,,,,-,,,-,,,,,
754.,Boyolali Sektor 21,Stasiun BMKG Boyolali Sektor 21,21.16,28.06,33.76,,,,-,,,-,,,1901.08,150.49,
755.,Magelang Sektor 39,Stasiun BMKG Magelang Sektor 39,,,,,,,-,,,-,,,,,
756.,Pekalongan Sektor 42,Stasiun BMKG Pekalongan Sektor 42,,,,,,,-,,,-,,,,,
757.,Banyumas Sektor 24,Stasiun BMKG Banyumas Sektor 24,,,,,,,-,,,-,,,,,
758.,Brebes Sektor 24,Stasiun BMKG Brebes Sektor 24,,,,,,,-,,,-,,,,,
759.,Kudus Sektor 20,Stasiun BMKG Kudus Sektor 20,,22.90,,,,,-,,,-,,,3885.76,154.25,
760.,Demak Sektor 20,Stasiun BMKG Demak Sektor 20,,,,,,,-,,,-,,,,,
761.,Wonosobo Sektor 21,Stasiun BMKG Wonosobo Sektor 21,22.75,26.78,31.15,56.94,75.51,99.01,-,,,-,,,3666.82,191.20,68.71
762.,Rembang Sektor 33,Stasiun BMKG Rembang Sektor 33,,,,,,,-,,,-,,,,,
763.,Banyumas Sektor 25,Stasiun BMKG Banyumas Sektor 25,,,,,,,-,,,-,,,,,
764.,Pati Sektor 24,Stasiun BMKG Pati Sektor 24,,,,,,,-,,,-,,,,,
765.,Salatiga Sektor 25,Stasiun BMKG Salatiga Sektor 25,,,,,,,-,,,-,,,,,
766., Sektor 25,Stasiun BMKG  Sektor 25,,,,,,,-,,,-,,,,,
767.,Jepara Sektor 14,Stasiun BMKG Jepara Sektor 14,,,,,,,-,,,-,,,,,
768.,Banjarnegara Sektor 23,Stasiun BMKG Banjarnegara Sektor 23,17.77,25.54,29.10,59.32,82.73,92.76,-,,,-,,,2912.65,220.82,39.03
769.,Salatiga Sektor 26,Stasiun BMKG Salatiga Sektor 26,,,,,,,-,,,-,,,,,
770.,Semarang Sektor 47,Stasiun BMKG Semarang Sektor 47,24.49,27.36,33.12,59.08,85.09,92.86,-,5.47,30.65,-,989.68,1039.91,2460.33,180.81,70.65
771.,Pati Sektor 25,Stasiun BMKG Pati Sektor 25,,,,,,,-,,,-,,,,,
772.,Purworejo Sektor 18,Stasiun BMKG Purworejo Sektor 18,,,,,,,-,,,-,,,,,
773.,Blora Sektor 17,Stasiun BMKG Blora Sektor 17,,,,,,,-,,,-,,,,,
774.,Semarang Sektor 48,Stasiun BMKG Semarang Sektor 48,22.71,26.90,32.92,54.24,83.40,97.10,-,5.03,32.84,-,1093.11,942.23,2447.00,167.41,67.76
775.,Wonosobo Sektor 22,Stasiun BMKG Wonosobo Sektor 22,22.82,28.13,32.60,55.04,76.07,99.07,-,,,-,,,3184.86,200.63,66.43
776.,Karanganyar Sektor 28,Stasiun BMKG Karanganyar Sektor 28,,,,,,,-,,,-,,,,,
777.,Banjarnegara Sektor 24,Stasiun BMKG Banjarnegara Sektor 24,18.83,23.92,30.68,61.33,85.61,96.55,-,,,-,,,3154.36,216.57,42.49
778.,Purworejo Sektor 19,Stasiun BMKG Purworejo Sektor 19,,,,,,,-,,,-,,,,,
779.,Pati Sektor 26,Stasiun BMKG Pati Sektor 26,,,,,,,-,,,-,,,,,
780.,Cilacap Sektor 14,Stasiun BMKG Cilacap Sektor 14,22.73,28.45,28.93,59.83,81.22,86.57,-,5.63,45.70,-,1014.98,1114.29,4480.13,211.85,67.51
781.,Semarang Sektor 49,Stasiun BMKG Semarang Sektor 49,19.71,28.05,29.49,67.31,25.88,30.48,-,,,-,,,2734.48,151.20,67.22
782., Sektor 26,Stasiun BMKG  Sektor 26,,,,,,,-,,,-,,,,,
783.,Banyumas Sektor 26,Stasiun BMKG Banyumas Sektor 26,,,,,,,-,,,-,,,,,
784.,Brebes Sektor 25,Stasiun BMKG Brebes Sektor 25,,,,,,,-,,,-,,,,,
785.,Sragen Sektor 23,Stasiun BMKG Sragen Sektor 23,,24.83,,,,,-,,,-,,,2483.81,146.89,
786.,Tegal Sektor 29,Stasiun BMKG Tegal Sektor 29,,,,,,,-,,,-,,,,,
787.,Kudus Sektor 21,Stasiun BMKG Kudus Sektor 21,,26.05,,,,,-,,,-,,,3881.01,148.10,
788.,Rembang Sektor 34,Stasiun BMKG Rembang Sektor 34,,,,,,,-,,,-,,,,,
789.,Jepara Sektor 15,Stasiun BMKG Jepara Sektor 15,,,,,,,-,,,-,,,,,
790.,Semarang Sektor 50,Stasiun BMKG Semarang Sektor 50,22.80,29.59,32.93,56.21,82.06,90.52,-,5.48,27.58,-,1028.02,1036.16,2532.04,175.51,64.35
791.,Pemalang Sektor 17,Stasiun BMKG Pemalang Sektor 17,,,,,,,-,,,-,,,,,
792.,Jepara Sektor 16,Stasiun BMKG Jepara Sektor 16,,,,,,,-,,,-,,,,,
793.,Batang Sektor 18,Stasiun BMKG Batang Sektor 18,,,,,,,-,,,-,,,,,
794.,Purworejo Sektor 20,Stasiun BMKG Purworejo Sektor 20,,,,,,,-,,,-,,,,,
795.,Kudus Sektor 22,Stasiun BMKG Kudus Sektor 22,,25.38,,,,,-,,,-,,,3618.96,147.63,
796.,Magelang Sektor 40,Stasiun BMKG Magelang Sektor 40,,,,,,,-,,,-,,,,,
797.,Sukoharjo Sektor 15,Stasiun BMKG Sukoharjo Sektor 15,,,,,,,-,,,-,,,,,
798.,Cilacap Sektor 15,Stasiun BMKG Cilacap Sektor 15,21.74,26.21,32.25,62.26,81.00,93.24,-,5.71,39.94,-,1101.43,1040.96,4151.20,219.33,72.06
799.,Semarang Sektor 51,Stasiun BMKG Semarang Sektor 51,19.65,24.73,32.74,71.06,26.39,35.25,-,,,-,,,2921.58,159.21,66.93
800.,Cilacap Sektor 16,Stasiun BMKG Cilacap Sektor 16,21.46,27.02,30.64,54.33,88.43,96.21,-,6.07,41.25,-,1002.68,935.67,4612.17,207.16,73.37
801.,Pati Sektor 27,Stasiun BMKG Pati Sektor 27,,,,,,,-,,,-,,,,,
802.,Pekalongan Sektor 43,Stasiun BMKG Pekalongan Sektor 43,,,,,,,-,,,-,,,,,
803., Sektor 27,Stasiun BMKG  Sektor 27,20.88,27.29,33.86,53.98,80.92,93.12,-,,,-,,,1905.16,149.28,
804.,Sukoharjo Sektor 16,Stasiun BMKG Sukoharjo Sektor 16,,,,,,,-,,,-,,,,,
805.,Banyumas Sektor 27,Stasiun BMKG Banyumas Sektor 27,,,,,,,-,,,-,,,,,
806.,Magelang Sektor 41,Stasiun BMKG Magelang Sektor 41,,,,,,,-,,,-,,,,,
807.,Banyumas Sektor 28,Stasiun BMKG Banyumas Sektor 28,,,,,,,-,,,-,,,,,
808.,Kebumen Sektor 12,Stasiun BMKG Kebumen Sektor 12,21.04,25.16,33.55,68.63,80.69,101.30,-,,,-,1053.06,995.46,4870.94,208.42,50.47
809.,Purworejo Sektor 21,Stasiun BMKG Purworejo Sektor 21,,,,,,,-,,,-,,,,,
810.,Magelang Sektor 42,Stasiun BMKG Magelang Sektor 42,,,,,,,-,,,-,,,,,
811.,Magelang Sektor 43,Stasiun BMKG Magelang Sektor 43,,,,,,,-,,,-,,,,,
812.,Brebes Sektor 26,Stasiun BMKG Brebes Sektor 26,,,,,,,-,,,-,,,,,
813.,Salatiga Sektor 27,Stasiun BMKG Salatiga Sektor 27,,,,,,,-,,,-,,,,,
814.,Pemalang Sektor 18,Stasiun BMKG Pemalang Sektor 18,,,,,,,-,,,-,,,,,
815.,Brebes Sektor 27,Stasiun BMKG Brebes Sektor 27,,,,,,,-,,,-,,,,,
816.,Tegal Sektor 30,Stasiun BMKG Tegal Sektor 30,,,,,,,-,,,-,,,,,
817.,Semarang Sektor 52,Stasiun BMKG Semarang Sektor 52,22.76,29.83,31.13,63.23,86.13,101.69,-,5.23,29.82,-,951.70,1018.00,2743.07,173.01,62.88
818.,Banjarnegara Sektor 25,Stasiun BMKG Banjarnegara Sektor 25,18.37,21.93,29.40,62.25,89.90,103.90,-,,,-,,,3027.34,218.56,41.69
819.,Demak Sektor 21,Stasiun BMKG Demak Sektor 21,,,,,,,-,,,-,,,,,
820.,Sukoharjo Sektor 17,Stasiun BMKG Sukoharjo Sektor 17,,,,,,,-,,,-,,,,,
821.,Sragen Sektor 24,Stasiun BMKG Sragen Sektor 24,,25.30,,,,,-,,,-,,,2777.04,141.32,
822.,Banjarnegara Sektor 26,Stasiun BMKG Banjarnegara Sektor 26,20.84,25.26,32.44,63.78,90.96,96.74,-,,,-,,,3070.33,227.84,43.40
823.,Sragen Sektor 25,Stasiun BMKG Sragen Sektor 25,,24.48,,,,,-,,,-,,,2401.38,154.67,
824.,Cilacap Sektor 17,Stasiun BMKG Cilacap Sektor 17,23.01,25.97,29.57,63.86,92.37,89.87,-,5.45,40.11,-,1078.39,971.72,4062.93,191.20,68.00
825.,Magelang Sektor 44,Stasiun BMKG Magelang Sektor 44,,,,,,,-,,,-,,,,,
826.,Klaten Sektor 24,Stasiun BMKG Klaten Sektor 24,,,,,,,-,,,-,,,,,
827.,Boyolali Sektor 22,Stasiun BMKG Boyolali Sektor 22,23.44,26.36,36.86,,,,-,,,-,,,1608.14,136.55,
828.,Magelang Sektor 45,Stasiun BMKG Magelang Sektor 45,,,,,,,-,,,-,,,,,
829.,Karanganyar Sektor 29,Stasiun BMKG Karanganyar Sektor 29,,,,,,,-,,,-,,,,,
830.,Jepara Sektor 17,Stasiun BMKG Jepara Sektor 17,,,,,,,-,,,-,,,,,
831.,Pati Sektor 28,Stasiun BMKG Pati Sektor 28,,,,,,,-,,,-,,,,,
832.,Jepara Sektor 18,Stasiun BMKG Jepara Sektor 18,,,,,,,-,,,-,,,,,
833.,Grobogan Sektor 18,Stasiun BMKG Grobogan Sektor 18,,,,,,,-,,,-,,,,,
834.,Sragen Sektor 26,Stasiun BMKG Sragen Sektor 26,,25.77,,,,,-,,,-,,,2382.58,147.47,
835.,Wonogiri Sektor 23,Stasiun BMKG Wonogiri Sektor 23,,,,,,,-,,,-,,,,,
836.,Temanggung Sektor 31,Stasiun BMKG Temanggung Sektor 31,,,,,,,-,,,-,,,,,
837.,Cilacap Sektor 18,Stasiun BMKG Cilacap Sektor 18,21.90,26.89,33.64,60.24,87.17,91.82,-,5.98,38.17,-,1074.89,1112.80,4374.97,189.46,64.44
838.,Magelang Sektor 46,Stasiun BMKG Magelang Sektor 46,,,,,,,-,,,-,,,,,
839.,Purworejo Sektor 22,Stasiun BMKG Purworejo Sektor 22,,,,,,,-,,,-,,,,,
840.,Kendal Sektor 24,Stasiun BMKG Kendal Sektor 24,,,,,,,-,,,-,,,,,
841.,Banjarnegara Sektor 27,Stasiun BMKG Banjarnegara Sektor 27,21.06,22.26,27.52,58.94,91.29,98.25,-,,,-,,,3042.62,216.54,41.50
842.,Purbalingga Sektor 23,Stasiun BMKG Purbalingga Sektor 23,,,,,,,-,,,-,,,,,
843.,Salatiga Sektor 28,Stasiun BMKG Salatiga Sektor 28,,,,,,,-,,,-,,,,,
844.,Purbalingga Sektor 24,Stasiun BMKG Purbalingga Sektor 24,,,,,,,-,,,-,,,,,
845.,Sukoharjo Sektor 18,Stasiun BMKG Sukoharjo Sektor 18,,,,,,,-,,,-,,,,,
846.,Wonogiri Sektor 24,Stasiun BMKG Wonogiri Sektor 24,,,,,,,-,,,-,,,,,
847.,Salatiga Sektor 29,Stasiun BMKG Salatiga Sektor 29,,,,,,,-,,,-,,,,,
848.,Temanggung Sektor 32,Stasiun BMKG Temanggung Sektor 32,,,,,,,-,,,-,,,,,
849.,Magelang Sektor 47,Stasiun BMKG Magelang Sektor 47,,,,,,,-,,,-,,,,,
850.,Cilacap Sektor 19,Stasiun BMKG Cilacap Sektor 19,22.01,26.41,31.94,56.84,81.24,92.88,-,5.55,38.51,-,919.03,934.64,4318.65,213.94,64.70
851.,Demak Sektor 22,Stasiun BMKG Demak Sektor 22,,,,,,,-,,,-,,,,,
852.,Pekalongan Sektor 44,Stasiun BMKG Pekalongan Sektor 44,,,,,,,-,,,-,,,,,
853.,Semarang Sektor 53,Stasiun BMKG Semarang Sektor 53,23.83,30.51,34.72,65.25,76.83,89.00,-,5.34,32.13,-,1076.87,1071.03,2443.66,160.39,75.68
854., Sektor 28,Stasiun BMKG  Sektor 28,,,,,,,-,,,-,,,,,
855.,Klaten Sektor 25,Stasiun BMKG Klaten Sektor 25,,,,,,,-,,,-,,,,,
856.,Tegal Sektor 31,Stasiun BMKG Tegal Sektor 31,22.43,27.43,33.91,56.69,82.09,91.69,-,7.29,31.75,-,1001.59,1074.67,"2 081,9",122.02,74.57
857.,Pekalongan Sektor 45,Stasiun BMKG Pekalongan Sektor 45,,,,,,,-,,,-,,,,,
858.,Rembang Sektor 35,Stasiun BMKG Rembang Sektor 35,,,,,,,-,,,-,,,,,
859.,Pekalongan Sektor 46,Stasiun BMKG Pekalongan Sektor 46,,,,,,,-,,,-,,,,,
860.,Wonosobo Sektor 23,Stasiun BMKG Wonosobo Sektor 23,21.40,25.22,33.63,51.25,86.24,92.20,-,,,-,,,3328.53,173.75,67.06
861.,Purbalingga Sektor 25,Stasiun BMKG Purbalingga Sektor 25,,,,,,,-,,,-,,,,,
862.,Pati Sektor 29,Stasiun BMKG Pati Sektor 29,,,,,,,-,,,-,,,,,
863.,Rembang Sektor 36,Stasiun BMKG Rembang Sektor 36,,,,,,,-,,,-,,,,,
864.,Purworejo Sektor 23,Stasiun BMKG Purworejo Sektor 23,,,,,,,-,,,-,,,,,
865.,Kebumen Sektor 13,Stasiun BMKG Kebumen Sektor 13,22.34,27.90,35.76,57.89,88.95,102.69,-,,,-,1036.90,951.27,4410.06,212.78,52.63
866.,Kudus Sektor 23,Stasiun BMKG Kudus Sektor 23,,27.36,,,,,-,,,-,,,3358.64,148.42,
867.,Brebes Sektor 28,Stasiun BMKG Brebes Sektor 28,,,,,,,-,,,-,,,,,
868.,Magelang Sektor 48,Stasiun BMKG Magelang Sektor 48,,,,,,,-,,,-,,,,,
869.,Semarang Sektor 54,Stasiun BMKG Semarang Sektor 54,23.43,27.93,33.30,60.32,80.70,99.45,-,4.53,32.82,-,1095.79,1098.58,2445.05,171.08,76.03
870.,Grobogan Sektor 19,Stasiun BMKG Grobogan Sektor 19,,,,,,,-,,,-,,,,,
871.,Pemalang Sektor 19,Stasiun BMKG Pemalang Sektor 19,,,,,,,-,,,-,,,,,
872.,Grobogan Sektor 20,Stasiun BMKG Grobogan Sektor 20,,,,,,,-,,,-,,,,,
873.,Semarang Sektor 55,Stasiun BMKG Semarang Sektor 55,22.12,26.94,32.16,67.62,27.33,34.53,-,,,-,,,2823.45,157.76,56.39
874.,Wonogiri Sektor 25,Stasiun BMKG Wonogiri Sektor 25,,,,,,,-,,,-,,,,,
875.,Batang Sektor 19,Stasiun BMKG Batang Sektor 19,,,,,,,-,,,-,,,,,
876.,Karanganyar Sektor 30,Stasiun BMKG Karanganyar Sektor 30,,,,,,,-,,,-,,,,,
877.,Karanganyar Sektor 31,Stasiun BMKG Karanganyar Sektor 31,,,,,,,-,,,-,,,,,
878.,Magelang Sektor 49,Stasiun BMKG Magelang Sektor 49,,,,,,,-,,,-,,,,,
879.,Banyumas Sektor 29,Stasiun BMKG Banyumas Sektor 29,,,,,,,-,,,-,,,,,
880.,Pemalang Sektor 20,Stasiun BMKG Pemalang Sektor 20,,,,,,,-,,,-,,,,,
881.,Wonosobo Sektor 24,Stasiun BMKG Wonosobo Sektor 24,21.49,28.78,33.95,61.37,90.63,93.69,-,,,-,,,3725.98,201.07,58.88
882.,Boyolali Sektor 23,Stasiun BMKG Boyolali Sektor 23,21.98,27.02,32.51,,,,-,,,-,,,1777.85,135.48,
883.,Cilacap Sektor 20,Stasiun BMKG Cilacap Sektor 20,21.08,27.90,33.48,64.82,87.00,90.85,-,5.53,43.18,-,1015.39,1094.41,4660.04,210.41,67.67
884.,Salatiga Sektor 30,Stasiun BMKG Salatiga Sektor 30,,,,,,,-,,,-,,,,,
885.,Wonosobo Sektor 25,Stasiun BMKG Wonosobo Sektor 25,22.15,27.47,31.22,52.76,75.93,92.90,-,,,-,,,3547.16,190.49,63.90
886.,Boyolali Sektor 24,Stasiun BMKG Boyolali Sektor 24,19.66,25.19,33.34,,,,-,,,-,,,1843.44,134.10,
887.,Cilacap Sektor 21,Stasiun BMKG Cilacap Sektor 21,24.87,29.36,30.72,62.82,78.19,92.82,-,6.02,39.70,-,1026.72,1029.45,4196.67,222.42,70.82
888.,Klaten Sektor 26,Stasiun BMKG Klaten Sektor 26,,,,,,,-,,,-,,,,,
889.,Demak Sektor 23,Stasiun BMKG Demak Sektor 23,,,,,,,-,,,-,,,,,
890.,Pemalang Sektor 21,Stasiun BMKG Pemalang Sektor 21,,,,,,,-,,,-,,,,,
891.,Blora Sektor 18,Stasiun BMKG Blora Sektor 18,,,,,,,-,,,-,,,,,
892.,Cilacap Sektor 22,Stasiun BMKG Cilacap Sektor 22,23.73,25.84,34.82,60.05,80.83,95.03,-,6.37,39.16,-,968.82,1049.89,4293.49,222.29,63.90
893.,Tegal Sektor 32,Stasiun BMKG Tegal Sektor 32,,,,,,,-,,,-,,,,,
894.,Pekalongan Sektor 47,Stasiun BMKG Pekalongan Sektor 47,,,,,,,-,,,-,,,,,
895.,Wonogiri Sektor 26,Stasiun BMKG Wonogiri Sektor 26,,,,,,,-,,,-,,,,,
896.,Blora Sektor 19,Stasiun BMKG Blora Sektor 19,,,,,,,-,,,-,,,,,
897., Sektor 29,Stasiun BMKG  Sektor 29,,,,,,,-,,,-,,,,,
898.,Grobogan Sektor 21,Stasiun BMKG Grobogan Sektor 21,,,,,,,-,,,-,,,,,
899.,Purworejo Sektor 24,Stasiun BMKG Purworejo Sektor 24,,,,,,,-,,,-,,,,,
900.,Klaten Sektor 27,Stasiun BMKG Klaten Sektor 27,,,,,,,-,,,-,,,,,
901.,Kudus Sektor 24,Stasiun BMKG Kudus Sektor 24,,22.50,,,,,-,,,-,,,3872.01,152.79,
902., Sektor 30,Stasiun BMKG  Sektor 30,,,,,,,-,,,-,,,,,
903.,Banyumas Sektor 30,Stasiun BMKG Banyumas Sektor 30,,,,,,,-,,,-,,,,,
904.,Salatiga Sektor 31,Stasiun BMKG Salatiga Sektor 31,,,,,,,-,,,-,,,,,
905.,Salatiga Sektor 32,Stasiun BMKG Salatiga Sektor 32,,,,,,,-,,,-,,,,,
906.,Surakarta Sektor 14,Stasiun BMKG Surakarta Sektor 14,,,,,,,-,,,-,,,,,
907.,Pemalang Sektor 22,Stasiun BMKG Pemalang Sektor 22,,,,,,,-,,,-,,,,,
908.,Grobogan Sektor 22,Stasiun BMKG Grobogan Sektor 22,,,,,,,-,,,-,,,,,
909.,Wonosobo Sektor 26,Stasiun BMKG Wonosobo Sektor 26,20.43,27.21,35.57,51.75,76.74,98.27,-,,,-,,,3299.95,183.95,61.26
910.,Semarang Sektor 56,Stasiun BMKG Semarang Sektor 56,24.54,29.16,31.70,54.76,81.74,87.60,-,4.82,29.21,-,984.87,1107.49,2414.34,162.02,64.53
911.,Banjarnegara Sektor 28,Stasiun BMKG Banjarnegara Sektor 28,20.74,23.23,27.71,58.04,83.07,94.26,-,,,-,,,2882.91,194.36,44.41
912.,Magelang Sektor 50,Stasiun BMKG Magelang Sektor 50,,,,,,,-,,,-,,,,,
913.,Kudus Sektor 25,Stasiun BMKG Kudus Sektor 25,,25.25,,,,,-,,,-,,,3643.94,151.66,
914.,Kebumen Sektor 14,Stasiun BMKG Kebumen Sektor 14,19.63,25.76,35.45,65.59,92.43,92.61,-,,,-,998.41,955.71,4102.85,195.15,49.62
915.,Sukoharjo Sektor 19,Stasiun BMKG Sukoharjo Sektor 19,,,,,,,-,,,-,,,,,
916.,Magelang Sektor 51,Stasiun BMKG Magelang Sektor 51,,,,,,,-,,,-,,,,,
917.,Grobogan Sektor 23,Stasiun BMKG Grobogan Sektor 23,,,,,,,-,,,-,,,,,
918.,Magelang Sektor 52,Stasiun BMKG Magelang Sektor 52,,,,,,,-,,,-,,,,,
919.,Cilacap Sektor 23,Stasiun BMKG Cilacap Sektor 23,23.74,26.45,29.02,59.49,82.12,88.34,-,6.36,45.49,-,1062.57,1078.86,4205.22,200.07,64.98
920.,Purbalingga Sektor 26,Stasiun BMKG Purbalingga Sektor 26,,,,,,,-,,,-,,,,,
921.,Salatiga Sektor 33,Stasiun BMKG Salatiga Sektor 33,,,,,,,-,,,-,,,,,
922.,Kendal Sektor 25,Stasiun BMKG Kendal Sektor 25,,,,,,,-,,,-,,,,,
923.,Pekalongan Sektor 48,Stasiun BMKG Pekalongan Sektor 48,,,,,,,-,,,-,,,,,
924., Sektor 31,Stasiun BMKG  Sektor 31,,,,,,,-,,,-,,,,,
925.,Sragen Sektor 27,Stasiun BMKG Sragen Sektor 27,,24.90,,,,,-,,,-,,,2671.40,136.14,
926.,Klaten Sektor 28,Stasiun BMKG Klaten Sektor 28,,,,,,,-,,,-,,,,,
927.,Magelang Sektor 53,Stasiun BMKG Magelang Sektor 53,,,,,,,-,,,-,,,,,
928.,Pekalongan Sektor 49,Stasiun BMKG Pekalongan Sektor 49,,,,,,,-,,,-,,,,,
929.,Boyolali Sektor 25,Stasiun BMKG Boyolali Sektor 25,23.34,25.56,35.81,,,,-,,,-,,,1761.71,135.19,
930.,Purworejo Sektor 25,Stasiun BMKG Purworejo Sektor 25,,,,,,,-,,,-,,,,,
931.,Kebumen Sektor 15,Stasiun BMKG Kebumen Sektor 15,19.06,25.51,34.08,59.64,86.51,106.29,-,,,-,1054.66,1039.38,4553.10,198.52,47.71
932.,Rembang Sektor 37,Stasiun BMKG Rembang Sektor 37,,,,,,,-,,,-,,,,,
933.,Sragen Sektor 28,Stasiun BMKG Sragen Sektor 28,,25.24,,,,,-,,,-,,,2479.15,157.57,
934.,Purbalingga Sektor 27,Stasiun BMKG Purbalingga Sektor 27,,,,,,,-,,,-,,,,,
935.,Banjarnegara Sektor 29,Stasiun BMKG Banjarnegara Sektor 29,18.31,25.41,28.46,59.95,81.51,90.80,-,,,-,,,2968.28,206.89,44.26
936.,Temanggung Sektor 33,Stasiun BMKG Temanggung Sektor 33,,,,,,,-,,,-,,,,,
937.,Grobogan Sektor 24,Stasiun BMKG Grobogan Sektor 24,,,,,,,-,,,-,,,,,
938.,Banjarnegara Sektor 30,Stasiun BMKG Banjarnegara Sektor 30,20.88,24.55,29.53,57.10,82.76,91.46,-,,,-,,,3276.78,223.98,38.69
939., Sektor 32,Stasiun BMKG  Sektor 32,17.92,28.14,34.89,63.01,86.47,103.51,-,,,-,,,3059.42,176.65,
940.,Magelang Sektor 54,Stasiun BMKG Magelang Sektor 54,,,,,,,-,,,-,,,,,
941.,Rembang Sektor 38,Stasiun BMKG Rembang Sektor 38,,,,,,,-,,,-,,,,,
942.,Kudus Sektor 26,Stasiun BMKG Kudus Sektor 26,,23.39,,,,,-,,,-,,,3901.51,131.96,
943.,Boyolali Sektor 26,Stasiun BMKG Boyolali Sektor 26,21.70,26.69,34.56,,,,-,,,-,,,1619.19,140.18,
944.,Kebumen Sektor 16,Stasiun BMKG Kebumen Sektor 16,19.74,27.65,35.79,63.73,77.46,91.53,-,,,-,961.65,962.17,4634.35,179.83,53.50
945.,Grobogan Sektor 25,Stasiun BMKG Grobogan Sektor 25,,,,,,,-,,,-,,,,,
946.,Grobogan Sektor 26,Stasiun BMKG Grobogan Sektor 26,,,,,,,-,,,-,,,,,
947.,Purbalingga Sektor 28,Stasiun BMKG Purbalingga Sektor 28,,,,,,,-,,,-,,,,,
948., Sektor 33,Stasiun BMKG  Sektor 33,,,,,,,-,,,-,,,,,
949.,Grobogan Sektor 27,Stasiun BMKG Grobogan Sektor 27,,,,,,,-,,,-,,,,,
950.,Boyolali Sektor 27,Stasiun BMKG Boyolali Sektor 27,22.30,28.61,31.64,,,,-,,,-,,,1940.13,143.88,
951.,Kudus Sektor 27,Stasiun BMKG Kudus Sektor 27,,26.81,,,,,-,,,-,,,3357.02,147.10,
952.,Cilacap Sektor 24,Stasiun BMKG Cilacap Sektor 24,22.68,25.70,34.64,55.16,89.62,89.28,-,6.19,39.06,-,1096.22,1026.68,4305.78,194.89,67.22
953.,Demak Sektor 24,Stasiun BMKG Demak Sektor 24,,,,,,,-,,,-,,,,,
954.,Brebes Sektor 29,Stasiun BMKG Brebes Sektor 29,,,,,,,-,,,-,,,,,
955.,Wonosobo Sektor 27,Stasiun BMKG Wonosobo Sektor 27,21.17,25.03,31.60,60.56,91.26,90.48,-,,,-,,,3150.82,181.60,62.02
956.,Banjarnegara Sektor 31,Stasiun BMKG Banjarnegara Sektor 31,18.89,22.20,29.68,64.21,84.72,89.89,-,,,-,,,3103.20,215.69,45.85
957.,Wonosobo Sektor 28,Stasiun BMKG Wonosobo Sektor 28,22.29,26.33,35.36,61.54,90.27,87.38,-,,,-,,,3725.65,171.70,68.16
958.,Cilacap Sektor 25,Stasiun BMKG Cilacap Sektor 25,22.99,25.02,29.45,58.65,84.51,91.47,-,6.17,43.71,-,970.09,1065.88,4195.52,211.86,73.20
959.,Pekalongan Sektor 50,Stasiun BMKG Pekalongan Sektor 50,,,,,,,-,,,-,,,,,
960.,Karanganyar Sektor 32,Stasiun BMKG Karanganyar Sektor 32,,,,,,,-,,,-,,,,,
961.,Sragen Sektor 29,Stasiun BMKG Sragen Sektor 29,,26.35,,,,,-,,,-,,,2579.33,160.81,
962.,Pekalongan Sektor 51,Stasiun BMKG Pekalongan Sektor 51,,,,,,,-,,,-,,,,,
963.,Kudus Sektor 28,Stasiun BMKG Kudus Sektor 28,,23.96,,,,,-,,,-,,,3893.76,144.93,
964.,Banyumas Sektor 31,Stasiun BMKG Banyumas Sektor 31,,,,,,,-,,,-,,,,,
965.,Banyumas Sektor 32,Stasiun BMKG Banyumas Sektor 32,,,,,,,-,,,-,,,,,
966.,Wonogiri Sektor 27,Stasiun BMKG Wonogiri Sektor 27,,,,,,,-,,,-,,,,,
967.,Brebes Sektor 30,Stasiun BMKG Brebes Sektor 30,,,,,,,-,,,-,,,,,
968.,Karanganyar Sektor 33,Stasiun BMKG Karanganyar Sektor 33,,,,,,,-,,,-,,,,,
969.,Semarang Sektor 57,Stasiun BMKG Semarang Sektor 57,23.72,30.47,32.01,57.15,86.39,90.74,-,4.96,27.12,-,937.48,1046.75,2637.27,156.92,65.90
970.,Pekalongan Sektor 52,Stasiun BMKG Pekalongan Sektor 52,,,,,,,-,,,-,,,,,
971.,Pekalongan Sektor 53,Stasiun BMKG Pekalongan Sektor 53,,,,,,,-,,,-,,,,,
972.,Semarang Sektor 58,Stasiun BMKG Semarang Sektor 58,21.95,27.84,30.10,60.21,26.92,30.94,-,,,-,,,3001.07,162.92,59.12
973.,Pekalongan Sektor 54,Stasiun BMKG Pekalongan Sektor 54,,,,,,,-,,,-,,,,,
974.,Pati Sektor 30,Stasiun BMKG Pati Sektor 30,,,,,,,-,,,-,,,,,
975.,Rembang Sektor 39,Stasiun BMKG Rembang Sektor 39,,,,,,,-,,,-,,,,,
976.,Klaten Sektor 29,Stasiun BMKG Klaten Sektor 29,,,,,,,-,,,-,,,,,
977.,Salatiga Sektor 34,Stasiun BMKG Salatiga Sektor 34,,,,,,,-,,,-,,,,,
978.,Karanganyar Sektor 34,Stasiun BMKG Karanganyar Sektor 34,,,,,,,-,,,-,,,,,
979.,Karanganyar Sektor 35,Stasiun BMKG Karanganyar Sektor 35,,,,,,,-,,,-,,,,,
980.,Surakarta Sektor 15,Stasiun BMKG Surakarta Sektor 15,,,,,,,-,,,-,,,,,
981.,Pati Sektor 31,Stasiun BMKG Pati Sektor 31,,,,,,,-,,,-,,,,,
982.,Semarang Sektor 59,Stasiun BMKG Semarang Sektor 59,22.57,30.36,35.12,54.10,84.94,89.12,-,5.28,32.95,-,1016.30,1047.54,2380.88,167.88,74.66
983.,Wonosobo Sektor 29,Stasiun BMKG Wonosobo Sektor 29,23.67,27.08,36.33,54.13,84.54,96.90,-,,,-,,,3767.36,197.31,65.38
984., Sektor 34,Stasiun BMKG  Sektor 34,,,,,,,-,,,-,,,,,
985.,Klaten Sektor 30,Stasiun BMKG Klaten Sektor 30,,,,,,,-,,,-,,,,,
986., Sektor 35,Stasiun BMKG  Sektor 35,,,,,,,-,,,-,,,,,
987.,Cilacap Sektor 26,Stasiun BMKG Cilacap Sektor 26,21.22,25.34,32.63,60.41,76.16,94.02,-,6.10,44.00,-,973.54,1010.24,4738.01,229.06,65.28
988.,Jepara Sektor 19,Stasiun BMKG Jepara Sektor 19,,,,,,,-,,,-,,,,,
989.,Kendal Sektor 26,Stasiun BMKG Kendal Sektor 26,,,,,,,-,,,-,,,,,
990.,Wonogiri Sektor 28,Stasiun BMKG Wonogiri Sektor 28,,,,,,,-,,,-,,,,,
991.,Rembang Sektor 40,Stasiun BMKG Rembang Sektor 40,,,,,,,-,,,-,,,,,
992.,Wonogiri Sektor 29,Stasiun BMKG Wonogiri Sektor 29,,,,,,,-,,,-,,,,,
993.,Kendal Sektor 27,Stasiun BMKG Kendal Sektor 27,,,,,,,-,,,-,,,,,
994.,Pekalongan Sektor 55,Stasiun BMKG Pekalongan Sektor 55,,,,,,,-,,,-,,,,,
995.,Tegal Sektor 33,Stasiun BMKG Tegal Sektor 33,,,,,,,-,,,-,,,,,
996.,Banjarnegara Sektor 32,Stasiun BMKG Banjarnegara Sektor 32,21.34,24.48,29.04,66.17,82.82,92.16,-,,,-,,,3275.61,222.54,45.10
997.,Pati Sektor 32,Stasiun BMKG Pati Sektor 32,,,,,,,-,,,-,,,,,
998.,Semarang Sektor 60,Stasiun BMKG Semarang Sektor 60,21.78,28.49,32.66,70.68,23.41,35.28,-,,,-,,,2728.82,153.97,59.10
999.,Magelang Sektor 55,Stasiun BMKG Magelang Sektor 55,,,,,,,-,,,-,,,,,
1000.,Sragen Sektor 30,Stasiun BMKG Sragen Sektor 30,,27.80,,,,,-,,,-,,,2576.27,156.44,
